月份,有效网格数,正常网格数,正常占比(%),轻度干旱网格数,轻度干旱占比(%),中度干旱网格数,中度干旱占比(%),重度干旱网格数,重度干旱占比(%),极端干旱网格数,极端干旱占比(%),非干旱范围网格数,非干旱范围占比(%),缺失值网格数,缺失值占比(%),受旱网格占比(%)
2025年01月,4411,0,0.0,106,2.4,3728,84.52,577,13.08,0,0.0,0,0.0,4234,0.0,100.0
2025年01月,4411,0,0.0,268,6.08,4095,92.84,48,1.09,0,0.0,0,0.0,4234,0.0,100.01
2025年01月,4411,0,0.0,397,9.0,3850,87.28,164,3.72,0,0.0,0,0.0,4234,0.0,100.0
2025年01月,4411,45,1.02,1146,25.98,3013,68.31,201,4.56,6,0.14,0,0.0,4234,0.0,98.99
2025年01月,4411,44,1.0,1060,24.03,2970,67.33,333,7.55,4,0.09,0,0.0,4234,0.0,99.0
2025年01月,4411,4,0.09,986,22.35,2996,67.92,414,9.39,11,0.25,0,0.0,4234,0.0,99.91
2025年01月,4411,16,0.36,1052,23.85,2802,63.52,505,11.45,36,0.82,0,0.0,4234,0.0,99.64
2025年01月,4411,33,0.75,1302,29.52,2612,59.22,418,9.48,46,1.04,0,0.0,4234,0.0,99.26
2025年01月,4411,606,13.74,2906,65.88,731,16.57,162,3.67,6,0.14,0,0.0,4234,0.0,86.26
2025年01月,4411,570,12.92,2157,48.9,1472,33.37,205,4.65,7,0.16,0,0.0,4234,0.0,87.08
2025年01月,4411,737,16.71,1987,45.05,1427,32.35,249,5.64,11,0.25,0,0.0,4234,0.0,83.29
2025年01月,4411,721,16.35,2142,48.56,1276,28.93,263,5.96,9,0.2,0,0.0,4234,0.0,83.65
2025年01月,4411,765,17.34,2330,52.82,1066,24.17,242,5.49,8,0.18,0,0.0,4234,0.0,82.66
2025年01月,4411,573,12.99,2528,57.31,1102,24.98,203,4.6,5,0.11,0,0.0,4234,0.0,87.0
2025年01月,4411,639,14.49,2474,56.09,997,22.6,285,6.46,16,0.36,0,0.0,4234,0.0,85.51
2025年01月,4411,873,19.79,2383,54.02,897,20.34,244,5.53,14,0.32,0,0.0,4234,0.0,80.21
2025年01月,4411,620,14.06,2497,56.61,971,22.01,270,6.12,53,1.2,0,0.0,4234,0.0,85.94
2025年01月,4411,198,4.49,2576,58.4,1407,31.9,192,4.35,38,0.86,0,0.0,4234,0.0,95.51
2025年01月,4411,227,5.15,2677,60.69,1244,28.2,262,5.94,1,0.02,0,0.0,4234,0.0,94.85
2025年01月,4411,215,4.87,2592,58.76,1287,29.18,316,7.16,1,0.02,0,0.0,4234,0.0,95.12
2025年01月,4411,161,3.65,2426,55.0,1492,33.82,328,7.44,4,0.09,0,0.0,4234,0.0,96.35
2025年01月,4411,179,4.06,2555,57.92,1364,30.92,305,6.91,8,0.18,0,0.0,4234,0.0,95.93
2025年01月,4411,132,2.99,2224,50.42,1705,38.65,338,7.66,12,0.27,0,0.0,4234,0.0,97.0
2025年01月,4411,47,1.07,1401,31.76,2343,53.12,467,10.59,153,3.47,0,0.0,4234,0.0,98.94
2025年01月,4411,23,0.52,582,13.19,3043,68.99,751,17.03,12,0.27,0,0.0,4234,0.0,99.48
2025年01月,4411,20,0.45,424,9.61,2373,53.8,1426,32.33,168,3.81,0,0.0,4234,0.0,99.55
2025年01月,4411,23,0.52,404,9.16,2457,55.7,1349,30.58,178,4.04,0,0.0,4234,0.0,99.48
2025年01月,4411,24,0.54,270,6.12,2277,51.62,1581,35.84,259,5.87,0,0.0,4234,0.0,99.45
2025年01月,4411,31,0.7,101,2.29,2283,51.76,1607,36.43,389,8.82,0,0.0,4234,0.0,99.3
2025年01月,4411,33,0.75,73,1.65,2146,48.65,1764,39.99,395,8.95,0,0.0,4234,0.0,99.24
2025年01月,4411,53,1.2,21,0.48,2480,56.22,1822,41.31,35,0.79,0,0.0,4234,0.0,98.8
2025年02月,4411,162,3.67,955,21.65,2659,60.28,634,14.37,1,0.02,0,0.0,4234,0.0,96.32
2025年02月,4411,155,3.51,2354,53.37,1812,41.08,90,2.04,0,0.0,0,0.0,4234,0.0,96.49
2025年02月,4411,126,2.86,2177,49.35,1531,34.71,577,13.08,0,0.0,0,0.0,4234,0.0,97.14
2025年02月,4411,80,1.81,2140,48.52,1502,34.05,687,15.57,2,0.05,0,0.0,4234,0.0,98.19
2025年02月,4411,52,1.18,2232,50.6,1391,31.53,714,16.19,22,0.5,0,0.0,4234,0.0,98.82
2025年02月,4411,2935,66.54,1468,33.28,1,0.02,0,0.0,0,0.0,7,0.16,4234,0.0,33.3
2025年02月,4411,2130,48.29,2264,51.33,17,0.39,0,0.0,0,0.0,0,0.0,4234,0.0,51.72
2025年02月,4411,674,15.28,3367,76.33,370,8.39,0,0.0,0,0.0,0,0.0,4234,0.0,84.72
2025年02月,4411,352,7.98,3255,73.79,800,18.14,4,0.09,0,0.0,0,0.0,4234,0.0,92.02
2025年02月,4411,92,2.09,2876,65.2,1390,31.51,53,1.2,0,0.0,0,0.0,4234,0.0,97.91
2025年02月,4411,129,2.92,3108,70.46,1152,26.12,22,0.5,0,0.0,0,0.0,4234,0.0,97.08
2025年02月,4411,1287,29.18,3053,69.21,71,1.61,0,0.0,0,0.0,0,0.0,4234,0.0,70.82
2025年02月,4411,1385,31.4,2941,66.67,85,1.93,0,0.0,0,0.0,0,0.0,4234,0.0,68.6
2025年02月,4411,836,18.95,3319,75.24,252,5.71,4,0.09,0,0.0,0,0.0,4234,0.0,81.04
2025年02月,4411,444,10.07,3607,81.77,360,8.16,0,0.0,0,0.0,0,0.0,4234,0.0,89.93
2025年02月,4411,239,5.42,2802,63.52,1364,30.92,6,0.14,0,0.0,0,0.0,4234,0.0,94.58
2025年02月,4411,132,2.99,2586,58.63,1689,38.29,4,0.09,0,0.0,0,0.0,4234,0.0,97.01
2025年02月,4411,38,0.86,1896,42.98,2433,55.16,44,1.0,0,0.0,0,0.0,4234,0.0,99.14
2025年02月,4411,35,0.79,2045,46.36,2230,50.56,101,2.29,0,0.0,0,0.0,4234,0.0,99.21
2025年02月,4411,342,7.75,2683,60.83,1319,29.9,67,1.52,0,0.0,0,0.0,4234,0.0,92.25
2025年02月,4411,273,6.19,2630,59.62,1444,32.74,64,1.45,0,0.0,0,0.0,4234,0.0,93.81
2025年02月,4411,1234,27.98,2144,48.61,882,20.0,151,3.42,0,0.0,0,0.0,4234,0.0,72.03
2025年02月,4411,698,15.82,2582,58.54,719,16.3,410,9.29,2,0.05,0,0.0,4234,0.0,84.18
2025年02月,4411,259,5.87,2736,62.03,744,16.87,670,15.19,2,0.05,0,0.0,4234,0.0,94.14
2025年02月,4411,286,6.48,1954,44.3,1271,28.81,714,16.19,186,4.22,0,0.0,4234,0.0,93.52
2025年02月,4411,296,6.71,2175,49.31,1593,36.11,347,7.87,0,0.0,0,0.0,4234,0.0,93.29
2025年02月,4411,82,1.86,2563,58.1,1766,40.04,0,0.0,0,0.0,0,0.0,4234,0.0,98.14
2025年02月,4411,85,1.93,2213,50.17,2113,47.9,0,0.0,0,0.0,0,0.0,4234,0.0,98.07
2025年03月,4411,154,3.49,1951,44.23,2305,52.26,0,0.0,0,0.0,1,0.02,4234,0.0,96.49
2025年03月,4411,151,3.42,1917,43.46,2315,52.48,0,0.0,0,0.0,28,0.63,4234,0.0,95.94
2025年03月,4411,2202,49.92,119,2.7,131,2.97,0,0.0,0,0.0,1959,44.41,4234,0.0,5.67
2025年03月,4411,1432,32.46,0,0.0,2,0.05,0,0.0,0,0.0,2977,67.49,4234,0.0,0.05
2025年03月,4411,1506,34.14,0,0.0,1,0.02,1,0.02,0,0.0,2903,65.81,4234,0.0,0.04
2025年03月,4411,1549,35.12,0,0.0,2,0.05,0,0.0,0,0.0,2860,64.84,4234,0.0,0.05
2025年03月,4411,1513,34.3,0,0.0,2,0.05,0,0.0,0,0.0,2896,65.65,4234,0.0,0.05
2025年03月,4411,2480,56.22,2,0.05,0,0.0,2,0.05,0,0.0,1927,43.69,4234,0.0,0.1
2025年03月,4411,2485,56.34,4,0.09,1,0.02,1,0.02,0,0.0,1920,43.53,4234,0.0,0.13
2025年03月,4411,2469,55.97,5,0.11,1,0.02,1,0.02,0,0.0,1935,43.87,4234,0.0,0.15
2025年03月,4411,2481,56.25,6,0.14,1,0.02,1,0.02,0,0.0,1922,43.57,4234,0.0,0.18
2025年03月,4411,1869,42.37,0,0.0,1,0.02,1,0.02,0,0.0,2540,57.58,4234,0.0,0.04
2025年03月,4411,647,14.67,0,0.0,1,0.02,1,0.02,0,0.0,3762,85.29,4234,0.0,0.04
2025年03月,4411,55,1.25,0,0.0,0,0.0,0,0.0,0,0.0,4356,98.75,4234,0.0,0.0
2025年03月,4411,23,0.52,0,0.0,0,0.0,0,0.0,0,0.0,4388,99.48,4234,0.0,0.0
2025年03月,4411,3,0.07,0,0.0,0,0.0,0,0.0,0,0.0,4408,99.93,4234,0.0,0.0
2025年03月,4411,5,0.11,0,0.0,0,0.0,0,0.0,0,0.0,4406,99.89,4234,0.0,0.0
2025年03月,4411,6,0.14,0,0.0,0,0.0,0,0.0,0,0.0,4405,99.86,4234,0.0,0.0
2025年03月,4411,7,0.16,0,0.0,0,0.0,0,0.0,0,0.0,4404,99.84,4234,0.0,0.0
2025年03月,4411,2,0.05,0,0.0,0,0.0,0,0.0,0,0.0,4409,99.95,4234,0.0,0.0
2025年03月,4411,2,0.05,0,0.0,0,0.0,0,0.0,0,0.0,4409,99.95,4234,0.0,0.0
2025年03月,4411,28,0.63,0,0.0,0,0.0,0,0.0,0,0.0,4383,99.37,4234,0.0,0.0
2025年03月,4411,34,0.77,0,0.0,0,0.0,0,0.0,0,0.0,4377,99.23,4234,0.0,0.0
2025年03月,4411,355,8.05,0,0.0,0,0.0,0,0.0,0,0.0,4056,91.95,4234,0.0,0.0
2025年03月,4411,1006,22.81,0,0.0,0,0.0,0,0.0,0,0.0,3405,77.19,4234,0.0,0.0
2025年03月,4411,1427,32.35,0,0.0,0,0.0,0,0.0,0,0.0,2984,67.65,4234,0.0,0.0
2025年03月,4411,1762,39.95,0,0.0,0,0.0,0,0.0,0,0.0,2649,60.05,4234,0.0,0.0
2025年03月,4411,2232,50.6,0,0.0,0,0.0,0,0.0,0,0.0,2179,49.4,4234,0.0,0.0
2025年03月,4411,2632,59.67,0,0.0,0,0.0,0,0.0,0,0.0,1779,40.33,4234,0.0,0.0
2025年03月,4411,2941,66.67,0,0.0,0,0.0,0,0.0,0,0.0,1470,33.33,4234,0.0,0.0
2025年03月,4411,3238,73.41,10,0.23,0,0.0,0,0.0,0,0.0,1163,26.37,4234,0.0,0.23
2025年04月,4411,3248,73.63,46,1.04,20,0.45,0,0.0,6,0.14,1091,24.73,4234,0.0,1.63
2025年04月,4411,1585,35.93,970,21.99,725,16.44,324,7.35,802,18.18,5,0.11,4234,0.0,63.96
2025年04月,4411,320,7.25,1427,32.35,548,12.42,1012,22.94,1104,25.03,0,0.0,4234,0.0,92.74
2025年04月,4411,640,14.51,1239,28.09,547,12.4,971,22.01,1014,22.99,0,0.0,4234,0.0,85.49
2025年04月,4411,868,19.68,1132,25.66,575,13.04,962,21.81,874,19.81,0,0.0,4234,0.0,80.32
2025年04月,4411,885,20.06,1159,26.28,590,13.38,923,20.92,854,19.36,0,0.0,4234,0.0,79.94
2025年04月,4411,1059,24.01,1132,25.66,656,14.87,965,21.88,599,13.58,0,0.0,4234,0.0,75.99
2025年04月,4411,1205,27.32,999,22.65,632,14.33,956,21.67,619,14.03,0,0.0,4234,0.0,72.68
2025年04月,4411,2271,51.48,479,10.86,311,7.05,863,19.56,485,11.0,2,0.05,4234,0.0,48.47
2025年04月,4411,2285,51.8,492,11.15,330,7.48,847,19.2,455,10.32,2,0.05,4234,0.0,48.15
2025年04月,4411,2302,52.19,504,11.43,264,5.99,846,19.18,486,11.02,9,0.2,4234,0.0,47.62
2025年04月,4411,1883,42.69,1052,23.85,990,22.44,368,8.34,17,0.39,101,2.29,4234,0.0,55.02
2025年04月,4411,324,7.35,1470,33.33,2042,46.29,553,12.54,22,0.5,0,0.0,4234,0.0,92.66
2025年04月,4411,443,10.04,1560,35.37,1919,43.5,465,10.54,24,0.54,0,0.0,4234,0.0,89.95
2025年04月,4411,481,10.9,1631,36.98,1851,41.96,424,9.61,24,0.54,0,0.0,4234,0.0,89.09
2025年04月,4411,595,13.49,1686,38.22,1752,39.72,365,8.27,13,0.29,0,0.0,4234,0.0,86.5
2025年04月,4411,657,14.89,1748,39.63,1726,39.13,268,6.08,12,0.27,0,0.0,4234,0.0,85.11
2025年04月,4411,770,17.46,1831,41.51,1660,37.63,140,3.17,10,0.23,0,0.0,4234,0.0,82.54
2025年04月,4411,2306,52.28,1727,39.15,328,7.44,3,0.07,0,0.0,47,1.07,4234,0.0,46.66
2025年04月,4411,2569,58.24,1712,38.81,71,1.61,2,0.05,0,0.0,57,1.29,4234,0.0,40.47
2025年04月,4411,2984,67.65,1298,29.43,57,1.29,1,0.02,0,0.0,71,1.61,4234,0.0,30.74
2025年04月,4411,3594,81.48,661,14.99,56,1.27,1,0.02,0,0.0,99,2.24,4234,0.0,16.28
2025年04月,4411,3729,84.54,576,13.06,11,0.25,0,0.0,0,0.0,95,2.15,4234,0.0,13.31
2025年04月,4411,4132,93.67,67,1.52,0,0.0,0,0.0,0,0.0,212,4.81,4234,0.0,1.52
2025年04月,4411,4218,95.62,95,2.15,0,0.0,0,0.0,0,0.0,98,2.22,4234,0.0,2.15
2025年04月,4411,4102,92.99,184,4.17,0,0.0,0,0.0,0,0.0,125,2.83,4234,0.0,4.17
2025年04月,4411,4065,92.16,205,4.65,1,0.02,0,0.0,0,0.0,140,3.17,4234,0.0,4.67
2025年04月,4411,3966,89.91,153,3.47,0,0.0,0,0.0,0,0.0,292,6.62,4234,0.0,3.47
2025年04月,4411,3817,86.53,142,3.22,0,0.0,0,0.0,0,0.0,452,10.25,4234,0.0,3.22
2025年04月,4411,3458,78.39,185,4.19,7,0.16,0,0.0,0,0.0,761,17.25,4234,0.0,4.35
2025年05月,4411,3570,80.93,308,6.98,14,0.32,0,0.0,0,0.0,519,11.77,4234,0.0,7.3
2025年05月,4411,3751,85.04,335,7.59,4,0.09,0,0.0,0,0.0,321,7.28,4234,0.0,7.68
2025年05月,4411,3645,82.63,334,7.57,5,0.11,0,0.0,0,0.0,427,9.68,4234,0.0,7.68
2025年05月,4411,3388,76.81,358,8.12,0,0.0,0,0.0,0,0.0,665,15.08,4234,0.0,8.12
2025年05月,4411,3342,75.77,347,7.87,0,0.0,0,0.0,0,0.0,722,16.37,4234,0.0,7.87
2025年05月,4411,3649,82.73,14,0.32,0,0.0,0,0.0,0,0.0,748,16.96,4234,0.0,0.32
2025年05月,4411,3675,83.31,71,1.61,0,0.0,0,0.0,0,0.0,665,15.08,4234,0.0,1.61
2025年05月,4411,3738,84.74,29,0.66,0,0.0,0,0.0,0,0.0,644,14.6,4234,0.0,0.66
2025年05月,4411,3809,86.35,254,5.76,5,0.11,0,0.0,0,0.0,343,7.78,4234,0.0,5.87
2025年05月,4411,3833,86.9,132,2.99,0,0.0,0,0.0,0,0.0,446,10.11,4234,0.0,2.99
2025年05月,4411,3854,87.37,231,5.24,33,0.75,0,0.0,0,0.0,293,6.64,4234,0.0,5.99
2025年05月,4411,2712,61.48,1339,30.36,284,6.44,32,0.73,0,0.0,44,1.0,4234,0.0,37.53
2025年05月,4411,2790,63.25,1308,29.65,262,5.94,22,0.5,0,0.0,29,0.66,4234,0.0,36.09
2025年05月,4411,2440,55.32,1536,34.82,381,8.64,30,0.68,0,0.0,24,0.54,4234,0.0,44.14
2025年05月,4411,2411,54.66,1612,36.55,330,7.48,21,0.48,0,0.0,37,0.84,4234,0.0,44.51
2025年05月,4411,1872,42.44,1909,43.28,486,11.02,28,0.63,0,0.0,116,2.63,4234,0.0,54.93
2025年05月,4411,2958,67.06,1119,25.37,62,1.41,0,0.0,0,0.0,272,6.17,4234,0.0,26.78
2025年05月,4411,3210,72.77,493,11.18,13,0.29,0,0.0,0,0.0,695,15.76,4234,0.0,11.47
2025年05月,4411,2493,56.52,1079,24.46,450,10.2,81,1.84,0,0.0,308,6.98,4234,0.0,36.5
2025年05月,4411,2079,47.13,1255,28.45,482,10.93,254,5.76,1,0.02,340,7.71,4234,0.0,45.16
2025年05月,4411,2380,53.96,1308,29.65,480,10.88,205,4.65,0,0.0,38,0.86,4234,0.0,45.18
2025年05月,4411,2545,57.7,1005,22.78,610,13.83,30,0.68,0,0.0,221,5.01,4234,0.0,37.29
2025年05月,4411,2578,58.44,1072,24.3,376,8.52,2,0.05,0,0.0,383,8.68,4234,0.0,32.87
2025年05月,4411,2029,46.0,1276,28.93,851,19.29,8,0.18,0,0.0,247,5.6,4234,0.0,48.4
2025年05月,4411,1897,43.01,1274,28.88,822,18.64,37,0.84,0,0.0,381,8.64,4234,0.0,48.36
2025年05月,4411,1915,43.41,1369,31.04,728,16.5,19,0.43,0,0.0,380,8.61,4234,0.0,47.97
2025年05月,4411,1781,40.38,1096,24.85,803,18.2,125,2.83,3,0.07,603,13.67,4234,0.0,45.95
2025年05月,4411,1926,43.66,918,20.81,189,4.28,1,0.02,0,0.0,1377,31.22,4234,0.0,25.11
2025年05月,4411,2377,53.89,446,10.11,8,0.18,0,0.0,0,0.0,1580,35.82,4234,0.0,10.29
2025年05月,4411,2244,50.87,647,14.67,17,0.39,0,0.0,0,0.0,1503,34.07,4234,0.0,15.06
2025年05月,4411,2434,55.18,537,12.17,3,0.07,0,0.0,0,0.0,1437,32.58,4234,0.0,12.24
2025年06月,4411,2558,57.99,519,11.77,5,0.11,0,0.0,0,0.0,1329,30.13,4234,0.0,11.88
2025年06月,4411,2732,61.94,98,2.22,0,0.0,0,0.0,0,0.0,1581,35.84,4234,0.0,2.22
2025年06月,4411,2922,66.24,123,2.79,0,0.0,0,0.0,0,0.0,1366,30.97,4234,0.0,2.79
2025年06月,4411,3052,69.19,226,5.12,0,0.0,0,0.0,0,0.0,1133,25.69,4234,0.0,5.12
2025年06月,4411,2634,59.71,746,16.91,15,0.34,0,0.0,0,0.0,1016,23.03,4234,0.0,17.25
2025年06月,4411,2730,61.89,709,16.07,4,0.09,0,0.0,0,0.0,968,21.95,4234,0.0,16.16
2025年06月,4411,2718,61.62,832,18.86,10,0.23,0,0.0,0,0.0,851,19.29,4234,0.0,19.09
2025年06月,4411,2606,59.08,977,22.15,36,0.82,0,0.0,0,0.0,792,17.96,4234,0.0,22.97
2025年06月,4411,2495,56.56,952,21.58,173,3.92,1,0.02,0,0.0,790,17.91,4234,0.0,25.52
2025年06月,4411,2572,58.31,862,19.54,311,7.05,7,0.16,0,0.0,659,14.94,4234,0.0,26.75
2025年06月,4411,2481,56.25,801,18.16,278,6.3,7,0.16,0,0.0,844,19.13,4234,0.0,24.62
2025年06月,4411,2470,56.0,780,17.68,285,6.46,6,0.14,0,0.0,870,19.72,4234,0.0,24.28
2025年06月,4411,2599,58.92,657,14.89,161,3.65,2,0.05,0,0.0,992,22.49,4234,0.0,18.59
2025年06月,4411,2703,61.28,639,14.49,73,1.65,0,0.0,0,0.0,996,22.58,4234,0.0,16.14
2025年06月,4411,2825,64.04,569,12.9,38,0.86,0,0.0,0,0.0,979,22.19,4234,0.0,13.76
2025年06月,4411,3377,76.56,652,14.78,7,0.16,0,0.0,0,0.0,375,8.5,4234,0.0,14.94
2025年06月,4411,3450,78.21,885,20.06,34,0.77,0,0.0,0,0.0,42,0.95,4234,0.0,20.83
2025年06月,4411,3263,73.97,1054,23.89,50,1.13,1,0.02,0,0.0,43,0.97,4234,0.0,25.04
2025年06月,4411,3243,73.52,1110,25.16,24,0.54,0,0.0,0,0.0,34,0.77,4234,0.0,25.7
2025年06月,4411,3223,73.07,1141,25.87,22,0.5,0,0.0,0,0.0,25,0.57,4234,0.0,26.37
2025年06月,4411,1617,36.66,2485,56.34,294,6.67,4,0.09,0,0.0,11,0.25,4234,0.0,63.1
2025年06月,4411,1063,24.1,2513,56.97,807,18.3,28,0.63,0,0.0,0,0.0,4234,0.0,75.9
2025年06月,4411,1040,23.58,2491,56.47,856,19.41,24,0.54,0,0.0,0,0.0,4234,0.0,76.42
2025年06月,4411,957,21.7,2445,55.43,983,22.29,26,0.59,0,0.0,0,0.0,4234,0.0,78.31
2025年06月,4411,923,20.92,2273,51.53,1179,26.73,36,0.82,0,0.0,0,0.0,4234,0.0,79.08
2025年06月,4411,734,16.64,1892,42.89,1562,35.41,213,4.83,10,0.23,0,0.0,4234,0.0,83.36
2025年06月,4411,109,2.47,635,14.4,1643,37.25,1635,37.07,389,8.82,0,0.0,4234,0.0,97.54
2025年06月,4411,57,1.29,403,9.14,1254,28.43,1833,41.56,864,19.59,0,0.0,4234,0.0,98.72
2025年06月,4411,103,2.34,467,10.59,1647,37.34,1900,43.07,294,6.67,0,0.0,4234,0.0,97.67
2025年06月,4411,150,3.4,537,12.17,2024,45.89,1643,37.25,57,1.29,0,0.0,4234,0.0,96.6
2025年07月,4411,251,5.69,609,13.81,2596,58.85,930,21.08,25,0.57,0,0.0,4234,0.0,94.31
2025年07月,4411,78,1.77,451,10.22,1724,39.08,1962,44.48,196,4.44,0,0.0,4234,0.0,98.22
2025年07月,4411,79,1.79,465,10.54,1729,39.2,1870,42.39,268,6.08,0,0.0,4234,0.0,98.21
2025年07月,4411,135,3.06,679,15.39,1938,43.94,1486,33.69,173,3.92,0,0.0,4234,0.0,96.94
2025年07月,4411,162,3.67,858,19.45,2010,45.57,1222,27.7,159,3.6,0,0.0,4234,0.0,96.32
2025年07月,4411,203,4.6,1280,29.02,2224,50.42,596,13.51,108,2.45,0,0.0,4234,0.0,95.4
2025年07月,4411,287,6.51,1495,33.89,2140,48.52,403,9.14,86,1.95,0,0.0,4234,0.0,93.5
2025年07月,4411,962,21.81,2295,52.03,1110,25.16,43,0.97,0,0.0,1,0.02,4234,0.0,78.16
2025年07月,4411,1869,42.37,1640,37.18,816,18.5,71,1.61,0,0.0,15,0.34,4234,0.0,57.29
2025年07月,4411,1902,43.12,1479,33.53,888,20.13,75,1.7,0,0.0,67,1.52,4234,0.0,55.36
2025年07月,4411,1613,36.57,1024,23.21,1091,24.73,161,3.65,0,0.0,522,11.83,4234,0.0,51.59
2025年07月,4411,1649,37.38,1213,27.5,655,14.85,32,0.73,2,0.05,860,19.5,4234,0.0,43.13
2025年07月,4411,1835,41.6,1215,27.54,184,4.17,2,0.05,0,0.0,1175,26.64,4234,0.0,31.76
2025年07月,4411,1655,37.52,1228,27.84,232,5.26,6,0.14,0,0.0,1290,29.25,4234,0.0,33.24
2025年07月,4411,1352,30.65,1027,23.28,351,7.96,15,0.34,0,0.0,1666,37.77,4234,0.0,31.58
2025年07月,4411,1230,27.88,976,22.13,301,6.82,20,0.45,0,0.0,1884,42.71,4234,0.0,29.4
2025年07月,4411,1510,34.23,831,18.84,192,4.35,5,0.11,0,0.0,1873,42.46,4234,0.0,23.3
2025年07月,4411,1409,31.94,862,19.54,195,4.42,14,0.32,0,0.0,1931,43.78,4234,0.0,24.28
2025年07月,4411,1400,31.74,700,15.87,301,6.82,50,1.13,2,0.05,1958,44.39,4234,0.0,23.87
2025年07月,4411,1471,33.35,587,13.31,200,4.53,16,0.36,0,0.0,2137,48.45,4234,0.0,18.2
2025年07月,4411,1654,37.5,355,8.05,10,0.23,0,0.0,0,0.0,2392,54.23,4234,0.0,8.28
2025年07月,4411,1579,35.8,370,8.39,33,0.75,0,0.0,0,0.0,2429,55.07,4234,0.0,9.14
2025年07月,4411,1554,35.23,334,7.57,58,1.31,0,0.0,0,0.0,2465,55.88,4234,0.0,8.88
2025年07月,4411,1517,34.39,333,7.55,41,0.93,1,0.02,0,0.0,2519,57.11,4234,0.0,8.5
2025年07月,4411,1645,37.29,278,6.3,29,0.66,0,0.0,0,0.0,2459,55.75,4234,0.0,6.96
2025年07月,4411,1444,32.74,219,4.96,10,0.23,0,0.0,0,0.0,2738,62.07,4234,0.0,5.19
2025年07月,4411,971,22.01,134,3.04,0,0.0,0,0.0,0,0.0,3306,74.95,4234,0.0,3.04
2025年07月,4411,851,19.29,120,2.72,0,0.0,0,0.0,0,0.0,3440,77.99,4234,0.0,2.72
2025年07月,4411,825,18.7,114,2.58,0,0.0,0,0.0,0,0.0,3472,78.71,4234,0.0,2.58
2025年07月,4411,849,19.25,102,2.31,0,0.0,0,0.0,0,0.0,3460,78.44,4234,0.0,2.31
2025年07月,4411,881,19.97,101,2.29,0,0.0,0,0.0,0,0.0,3429,77.74,4234,0.0,2.29
2025年08月,4411,820,18.59,91,2.06,0,0.0,0,0.0,0,0.0,3500,79.35,4234,0.0,2.06
2025年08月,4411,776,17.59,4,0.09,0,0.0,0,0.0,0,0.0,3631,82.32,4234,0.0,0.09
2025年08月,4411,785,17.8,2,0.05,0,0.0,0,0.0,0,0.0,3624,82.16,4234,0.0,0.05
2025年08月,4411,711,16.12,2,0.05,0,0.0,0,0.0,0,0.0,3698,83.84,4234,0.0,0.05
2025年08月,4411,713,16.16,0,0.0,0,0.0,0,0.0,0,0.0,3698,83.84,4234,0.0,0.0
2025年08月,4411,729,16.53,12,0.27,0,0.0,0,0.0,0,0.0,3670,83.2,4234,0.0,0.27
2025年08月,4411,952,21.58,87,1.97,0,0.0,0,0.0,0,0.0,3372,76.45,4234,0.0,1.97
2025年08月,4411,1140,25.84,94,2.13,1,0.02,0,0.0,0,0.0,3176,72.0,4234,0.0,2.15
2025年08月,4411,1207,27.36,101,2.29,2,0.05,0,0.0,0,0.0,3101,70.3,4234,0.0,2.34
2025年08月,4411,1294,29.34,130,2.95,5,0.11,0,0.0,0,0.0,2982,67.6,4234,0.0,3.06
2025年08月,4411,1633,37.02,310,7.03,32,0.73,0,0.0,0,0.0,2436,55.23,4234,0.0,7.76
2025年08月,4411,1465,33.21,651,14.76,334,7.57,86,1.95,4,0.09,1871,42.42,4234,0.0,24.37
2025年08月,4411,1136,25.75,605,13.72,413,9.36,129,2.92,21,0.48,2107,47.77,4234,0.0,26.48
2025年08月,4411,1138,25.8,652,14.78,419,9.5,142,3.22,32,0.73,2028,45.98,4234,0.0,28.23
2025年08月,4411,1462,33.14,594,13.47,549,12.45,163,3.7,35,0.79,1608,36.45,4234,0.0,30.41
2025年08月,4411,1744,39.54,586,13.28,601,13.63,187,4.24,58,1.31,1235,28.0,4234,0.0,32.46
2025年08月,4411,1907,43.23,511,11.58,605,13.72,235,5.33,108,2.45,1045,23.69,4234,0.0,33.08
2025年08月,4411,1925,43.64,473,10.72,635,14.4,252,5.71,110,2.49,1016,23.03,4234,0.0,33.32
2025年08月,4411,1902,43.12,657,14.89,698,15.82,164,3.72,36,0.82,954,21.63,4234,0.0,35.25
2025年08月,4411,2275,51.58,806,18.27,636,14.42,320,7.25,175,3.97,199,4.51,4234,0.0,43.91
2025年08月,4411,2485,56.34,921,20.88,546,12.38,265,6.01,64,1.45,130,2.95,4234,0.0,40.72
2025年08月,4411,2462,55.82,796,18.05,591,13.4,350,7.93,95,2.15,117,2.65,4234,0.0,41.53
2025年08月,4411,2384,54.05,778,17.64,545,12.36,411,9.32,180,4.08,113,2.56,4234,0.0,43.4
2025年08月,4411,2563,58.1,666,15.1,565,12.81,293,6.64,66,1.5,258,5.85,4234,0.0,36.05
2025年08月,4411,2048,46.43,776,17.59,674,15.28,553,12.54,119,2.7,241,5.46,4234,0.0,48.11
2025年08月,4411,1466,33.24,1025,23.24,864,19.59,631,14.31,387,8.77,38,0.86,4234,0.0,65.91
2025年08月,4411,1214,27.52,633,14.35,861,19.52,1008,22.85,669,15.17,26,0.59,4234,0.0,71.89
2025年08月,4411,1104,25.03,822,18.64,886,20.09,985,22.33,589,13.35,25,0.57,4234,0.0,74.41
2025年08月,4411,712,16.14,1040,23.58,1034,23.44,1072,24.3,534,12.11,19,0.43,4234,0.0,83.43
2025年08月,4411,547,12.4,875,19.84,1301,29.49,1299,29.45,369,8.37,20,0.45,4234,0.0,87.15
2025年08月,4411,322,7.3,811,18.39,1435,32.53,1387,31.44,442,10.02,14,0.32,4234,0.0,92.38
2025年09月,4411,358,8.12,878,19.9,1460,33.1,1125,25.5,585,13.26,5,0.11,4234,0.0,91.76
2025年09月,4411,336,7.62,866,19.63,1272,28.84,1023,23.19,914,20.72,0,0.0,4234,0.0,92.38
2025年09月,4411,348,7.89,1024,23.21,1160,26.3,790,17.91,1089,24.69,0,0.0,4234,0.0,92.11
2025年09月,4411,606,13.74,1201,27.23,1064,24.12,825,18.7,715,16.21,0,0.0,4234,0.0,86.26
2025年09月,4411,610,13.83,1309,29.68,1088,24.67,825,18.7,579,13.13,0,0.0,4234,0.0,86.18
2025年09月,4411,580,13.15,1357,30.76,1177,26.68,817,18.52,480,10.88,0,0.0,4234,0.0,86.84
2025年09月,4411,597,13.53,1482,33.6,1198,27.16,709,16.07,425,9.64,0,0.0,4234,0.0,86.47
2025年09月,4411,701,15.89,1432,32.46,1208,27.39,717,16.25,350,7.93,3,0.07,4234,0.0,84.03
2025年09月,4411,811,18.39,1508,34.19,1324,30.02,621,14.08,144,3.26,3,0.07,4234,0.0,81.55
2025年09月,4411,1827,41.42,1349,30.58,825,18.7,355,8.05,30,0.68,25,0.57,4234,0.0,58.01
2025年09月,4411,1891,42.87,1381,31.31,868,19.68,171,3.88,33,0.75,67,1.52,4234,0.0,55.62
2025年09月,4411,1452,32.92,1919,43.5,864,19.59,139,3.15,27,0.61,10,0.23,4234,0.0,66.85
2025年09月,4411,2255,51.12,1429,32.4,594,13.47,92,2.09,29,0.66,12,0.27,4234,0.0,48.62
2025年09月,4411,2454,55.63,1431,32.44,404,9.16,59,1.34,26,0.59,37,0.84,4234,0.0,43.53
2025年09月,4411,2575,58.38,1259,28.54,402,9.11,58,1.31,27,0.61,90,2.04,4234,0.0,39.57
2025年09月,4411,2650,60.08,1206,27.34,356,8.07,53,1.2,29,0.66,117,2.65,4234,0.0,37.27
2025年09月,4411,2792,63.3,1071,24.28,319,7.23,53,1.2,32,0.73,144,3.26,4234,0.0,33.44
2025年09月,4411,2867,65.0,896,20.31,425,9.64,68,1.54,33,0.75,122,2.77,4234,0.0,32.24
2025年09月,4411,2607,59.1,757,17.16,320,7.25,92,2.09,22,0.5,613,13.9,4234,0.0,27.0
2025年09月,4411,2756,62.48,824,18.68,170,3.85,21,0.48,0,0.0,640,14.51,4234,0.0,23.01
2025年09月,4411,2783,63.09,773,17.52,158,3.58,29,0.66,0,0.0,668,15.14,4234,0.0,21.76
2025年09月,4411,2791,63.27,720,16.32,149,3.38,8,0.18,0,0.0,743,16.84,4234,0.0,19.88
2025年09月,4411,2657,60.24,734,16.64,216,4.9,28,0.63,0,0.0,776,17.59,4234,0.0,22.17
2025年09月,4411,2897,65.68,216,4.9,20,0.45,0,0.0,0,0.0,1278,28.97,4234,0.0,5.35
2025年09月,4411,2892,65.56,158,3.58,24,0.54,0,0.0,0,0.0,1337,30.31,4234,0.0,4.12
2025年09月,4411,2789,63.23,137,3.11,15,0.34,0,0.0,0,0.0,1470,33.33,4234,0.0,3.45
2025年09月,4411,2707,61.37,111,2.52,6,0.14,0,0.0,0,0.0,1587,35.98,4234,0.0,2.66
2025年09月,4411,2548,57.76,81,1.84,4,0.09,0,0.0,0,0.0,1778,40.31,4234,0.0,1.93
2025年09月,4411,2219,50.31,79,1.79,7,0.16,0,0.0,0,0.0,2106,47.74,4234,0.0,1.95
2025年09月,4411,2396,54.32,71,1.61,0,0.0,0,0.0,0,0.0,1944,44.07,4234,0.0,1.61
2025年10月,4411,2307,52.3,233,5.28,26,0.59,7,0.16,0,0.0,1838,41.67,4234,0.0,6.03
2025年10月,4411,2185,49.54,281,6.37,43,0.97,8,0.18,2,0.05,1892,42.89,4234,0.0,7.57
2025年10月,4411,2139,48.49,263,5.96,52,1.18,6,0.14,3,0.07,1948,44.16,4234,0.0,7.35
2025年10月,4411,2355,53.39,259,5.87,51,1.16,7,0.16,8,0.18,1731,39.24,4234,0.0,7.37
2025年10月,4411,2151,48.76,228,5.17,39,0.88,20,0.45,9,0.2,1964,44.53,4234,0.0,6.7
2025年10月,4411,1843,41.78,178,4.04,30,0.68,11,0.25,8,0.18,2341,53.07,4234,0.0,5.15
2025年10月,4411,1632,37.0,144,3.26,25,0.57,12,0.27,5,0.11,2593,58.78,4234,0.0,4.21
2025年10月,4411,1502,34.05,125,2.83,25,0.57,7,0.16,3,0.07,2749,62.32,4234,0.0,3.63
2025年10月,4411,1493,33.85,117,2.65,22,0.5,6,0.14,3,0.07,2770,62.8,4234,0.0,3.36
2025年10月,4411,2018,45.75,214,4.85,74,1.68,15,0.34,4,0.09,2086,47.29,4234,0.0,6.96
2025年10月,4411,2087,47.31,230,5.21,62,1.41,16,0.36,4,0.09,2012,45.61,4234,0.0,7.07
2025年10月,4411,2031,46.04,230,5.21,30,0.68,19,0.43,2,0.05,2099,47.59,4234,0.0,6.37
2025年10月,4411,2191,49.67,134,3.04,20,0.45,6,0.14,2,0.05,2058,46.66,4234,0.0,3.68
2025年10月,4411,1855,42.05,112,2.54,17,0.39,4,0.09,0,0.0,2423,54.93,4234,0.0,3.02
2025年10月,4411,1656,37.54,64,1.45,17,0.39,4,0.09,0,0.0,2670,60.53,4234,0.0,1.93
2025年10月,4411,1377,31.22,35,0.79,4,0.09,0,0.0,0,0.0,2995,67.9,4234,0.0,0.88
2025年10月,4411,1428,32.37,42,0.95,6,0.14,0,0.0,0,0.0,2935,66.54,4234,0.0,1.09
2025年10月,4411,1283,29.09,18,0.41,2,0.05,0,0.0,0,0.0,3108,70.46,4234,0.0,0.46
2025年10月,4411,1801,40.83,51,1.16,3,0.07,0,0.0,0,0.0,2556,57.95,4234,0.0,1.23
2025年10月,4411,1831,41.51,70,1.59,5,0.11,0,0.0,0,0.0,2505,56.79,4234,0.0,1.7
2025年10月,4411,1631,36.98,44,1.0,1,0.02,0,0.0,0,0.0,2735,62.0,4234,0.0,1.02
2025年10月,4411,1112,25.21,25,0.57,1,0.02,0,0.0,0,0.0,3273,74.2,4234,0.0,0.59
2025年10月,4411,1554,35.23,41,0.93,1,0.02,0,0.0,0,0.0,2815,63.82,4234,0.0,0.95
2025年10月,4411,2610,59.17,68,1.54,1,0.02,0,0.0,0,0.0,1732,39.27,4234,0.0,1.56
2025年10月,4411,2482,56.27,62,1.41,1,0.02,0,0.0,0,0.0,1866,42.3,4234,0.0,1.43
2025年10月,4411,2581,58.51,85,1.93,1,0.02,0,0.0,0,0.0,1744,39.54,4234,0.0,1.95
2025年10月,4411,2442,55.36,109,2.47,1,0.02,0,0.0,0,0.0,1859,42.14,4234,0.0,2.49
2025年10月,4411,2288,51.87,130,2.95,1,0.02,0,0.0,0,0.0,1992,45.16,4234,0.0,2.97
2025年10月,4411,2528,57.31,169,3.83,1,0.02,3,0.07,0,0.0,1710,38.77,4234,0.0,3.92
2025年10月,4411,2690,60.98,212,4.81,0,0.0,0,0.0,0,0.0,1509,34.21,4234,0.0,4.81
2025年10月,4411,3214,72.86,319,7.23,21,0.48,29,0.66,2,0.05,826,18.73,4234,0.0,8.42
2025年11月,4411,3109,70.48,261,5.92,54,1.22,15,0.34,0,0.0,972,22.04,4234,0.0,7.48
2025年11月,4411,3129,70.94,217,4.92,44,1.0,16,0.36,0,0.0,1005,22.78,4234,0.0,6.28
2025年11月,4411,2632,59.67,124,2.81,44,1.0,0,0.0,0,0.0,1611,36.52,4234,0.0,3.81
2025年11月,4411,2401,54.43,114,2.58,46,1.04,0,0.0,0,0.0,1850,41.94,4234,0.0,3.62
2025年11月,4411,2587,58.65,132,2.99,56,1.27,7,0.16,0,0.0,1629,36.93,4234,0.0,4.42
2025年11月,4411,2588,58.67,126,2.86,61,1.38,11,0.25,0,0.0,1625,36.84,4234,0.0,4.49
2025年11月,4411,2648,60.03,112,2.54,118,2.68,23,0.52,0,0.0,1510,34.23,4234,0.0,5.74
2025年11月,4411,2658,60.26,152,3.45,83,1.88,53,1.2,11,0.25,1454,32.96,4234,0.0,6.78
2025年11月,4411,2577,58.42,301,6.82,120,2.72,69,1.56,4,0.09,1340,30.38,4234,0.0,11.19
2025年11月,4411,1461,33.12,108,2.45,28,0.63,3,0.07,0,0.0,2811,63.73,4234,0.0,3.15
2025年11月,4411,675,15.3,40,0.91,3,0.07,0,0.0,0,0.0,3693,83.72,4234,0.0,0.98
2025年11月,4411,880,19.95,35,0.79,4,0.09,0,0.0,0,0.0,3492,79.17,4234,0.0,0.88
2025年11月,4411,1367,30.99,68,1.54,6,0.14,1,0.02,0,0.0,2969,67.31,4234,0.0,1.7
2025年11月,4411,1775,40.24,186,4.22,14,0.32,3,0.07,0,0.0,2433,55.16,4234,0.0,4.61
2025年11月,4411,2237,50.71,273,6.19,19,0.43,4,0.09,2,0.05,1876,42.53,4234,0.0,6.76
2025年11月,4411,2403,54.48,273,6.19,21,0.48,2,0.05,2,0.05,1710,38.77,4234,0.0,6.77
2025年11月,4411,2684,60.85,307,6.96,28,0.63,2,0.05,2,0.05,1388,31.47,4234,0.0,7.69
2025年11月,4411,3003,68.08,362,8.21,36,0.82,8,0.18,2,0.05,1000,22.67,4234,0.0,9.26
2025年11月,4411,3389,76.83,450,10.2,26,0.59,16,0.36,3,0.07,527,11.95,4234,0.0,11.22
2025年11月,4411,3450,78.21,514,11.65,35,0.79,16,0.36,3,0.07,393,8.91,4234,0.0,12.87
2025年11月,4411,3693,83.72,612,13.87,36,0.82,13,0.29,7,0.16,50,1.13,4234,0.0,15.14
2025年11月,4411,3741,84.81,518,11.74,38,0.86,6,0.14,2,0.05,106,2.4,4234,0.0,12.79
2025年11月,4411,3754,85.11,504,11.43,40,0.91,10,0.23,4,0.09,99,2.24,4234,0.0,12.66
2025年11月,4411,3812,86.42,442,10.02,19,0.43,9,0.2,2,0.05,127,2.88,4234,0.0,10.7
2025年11月,4411,3951,89.57,351,7.96,24,0.54,3,0.07,0,0.0,82,1.86,4234,0.0,8.57
2025年11月,4411,3964,89.87,370,8.39,10,0.23,2,0.05,0,0.0,65,1.47,4234,0.0,8.67
2025年11月,4411,4016,91.05,330,7.48,8,0.18,2,0.05,0,0.0,55,1.25,4234,0.0,7.71
2025年11月,4411,3905,88.53,455,10.32,16,0.36,2,0.05,0,0.0,33,0.75,4234,0.0,10.73
2025年11月,4411,3833,86.9,533,12.08,30,0.68,2,0.05,0,0.0,13,0.29,4234,0.0,12.81
2025年11月,4411,4194,95.08,6,0.14,0,0.0,0,0.0,0,0.0,211,4.78,4234,0.0,0.14
2025年12月,4411,4092,92.77,27,0.61,7,0.16,1,0.02,3,0.07,281,6.37,4234,0.0,0.86
2025年12月,4411,3706,84.02,49,1.11,3,0.07,5,0.11,0,0.0,648,14.69,4234,0.0,1.29
2025年12月,4411,3438,77.94,394,8.93,78,1.77,36,0.82,0,0.0,465,10.54,4234,0.0,11.52
2025年12月,4411,3284,74.45,478,10.84,165,3.74,49,1.11,0,0.0,435,9.86,4234,0.0,15.69
2025年12月,4411,3350,75.95,505,11.45,98,2.22,15,0.34,0,0.0,443,10.04,4234,0.0,14.01
2025年12月,4411,3397,77.01,489,11.09,92,2.09,13,0.29,0,0.0,420,9.52,4234,0.0,13.47
2025年12月,4411,3467,78.6,468,10.61,69,1.56,5,0.11,0,0.0,402,9.11,4234,0.0,12.28
2025年12月,4411,3546,80.39,398,9.02,55,1.25,1,0.02,0,0.0,411,9.32,4234,0.0,10.29
2025年12月,4411,3439,77.96,298,6.76,52,1.18,0,0.0,0,0.0,622,14.1,4234,0.0,7.94
2025年12月,4411,2673,60.6,686,15.55,882,20.0,109,2.47,1,0.02,60,1.36,4234,0.0,38.04
2025年12月,4411,1794,40.67,1175,26.64,1179,26.73,254,5.76,1,0.02,8,0.18,4234,0.0,59.15
2025年12月,4411,1888,42.8,1186,26.89,1098,24.89,231,5.24,2,0.05,6,0.14,4234,0.0,57.07
2025年12月,4411,1953,44.28,1176,26.66,1112,25.21,164,3.72,0,0.0,6,0.14,4234,0.0,55.59
2025年12月,4411,2082,47.2,1152,26.12,1082,24.53,89,2.02,0,0.0,6,0.14,4234,0.0,52.67
2025年12月,4411,2174,49.29,1153,26.14,1042,23.62,33,0.75,0,0.0,9,0.2,4234,0.0,50.51
2025年12月,4411,2331,52.85,1236,28.02,817,18.52,13,0.29,0,0.0,14,0.32,4234,0.0,46.83
2025年12月,4411,2386,54.09,1378,31.24,628,14.24,3,0.07,0,0.0,16,0.36,4234,0.0,45.55
2025年12月,4411,2334,52.91,1356,30.74,699,15.85,0,0.0,0,0.0,22,0.5,4234,0.0,46.59
2025年12月,4411,2426,55.0,931,21.11,991,22.47,32,0.73,1,0.02,30,0.68,4234,0.0,44.33
2025年12月,4411,2768,62.75,1485,33.67,128,2.9,6,0.14,0,0.0,24,0.54,4234,0.0,36.71
2025年12月,4411,2658,60.26,1534,34.78,172,3.9,11,0.25,0,0.0,36,0.82,4234,0.0,38.93
2025年12月,4411,2396,54.32,1707,38.7,272,6.17,13,0.29,0,0.0,23,0.52,4234,0.0,45.16
2025年12月,4411,2411,54.66,1755,39.79,229,5.19,0,0.0,0,0.0,16,0.36,4234,0.0,44.98
2025年12月,4411,2762,62.62,1614,36.59,12,0.27,0,0.0,0,0.0,23,0.52,4234,0.0,36.86
2025年12月,4411,2481,56.25,1803,40.88,107,2.43,0,0.0,0,0.0,20,0.45,4234,0.0,43.31
2025年12月,4411,2267,51.39,1870,42.39,269,6.1,0,0.0,0,0.0,5,0.11,4234,0.0,48.49
2025年12月,4411,2038,46.2,1479,33.53,892,20.22,0,0.0,0,0.0,2,0.05,4234,0.0,53.75
2025年12月,4411,1847,41.87,1380,31.29,1164,26.39,0,0.0,0,0.0,20,0.45,4234,0.0,57.68
2025年12月,4411,1641,37.2,1258,28.52,1455,32.99,40,0.91,0,0.0,17,0.39,4234,0.0,62.42
2025年12月,4411,552,12.51,693,15.71,2619,59.37,547,12.4,0,0.0,0,0.0,4234,0.0,87.48
2025年12月,4411,620,14.06,3665,83.09,126,2.86,0,0.0,0,0.0,0,0.0,4234,0.0,85.95
