ScenarioID,Site_ID,Event_ID,Event_Start_Date,Event_End_Date,Duration_Days,Minimum_SPI,Stage,Stage_Label,Window_Type,Window_Start,Window_End,Window_Days,Window_End_Relative_Day,Reference_CBI,Reference_Flag,Pair_Flag,Window_CBI,Window_Intercept,Window_R2,Window_n_hours,Window_MacroSD,Window_Flag,Delta_CBI
BASE,95332217,3,2025-04-02,2025-04-19,18,-2.2451560497283936,FullEvent,完整事件,event_reproduction,2025-04-02,2025-04-19,18,,0.5549632330270037,ok,ok,0.7395714029292012,3.677502205918426,0.8216708250908737,432,4.675849625275155,ok,0.18460816990219753
BASE,95332217,3,2025-04-02,2025-04-19,18,-2.2451560497283936,Early,事件前段,event_phase,2025-04-02,2025-04-07,6,,0.5549632330270037,ok,ok,0.6534086155469464,4.113621468830086,0.846643036322128,144,4.377679286865903,ok,0.09844538251994273
BASE,95332217,3,2025-04-02,2025-04-19,18,-2.2451560497283936,Middle,事件中段,event_phase,2025-04-08,2025-04-13,6,,0.5549632330270037,ok,ok,0.6466365341620897,6.072177317716418,0.7412099935493722,144,4.325510257294553,ok,0.09167330113508598
BASE,95332217,3,2025-04-02,2025-04-19,18,-2.2451560497283936,Late,事件后段,event_phase,2025-04-14,2025-04-19,6,,0.5549632330270037,ok,ok,0.766863341332874,3.4007293439777193,0.8488515778608878,144,4.169761964867269,ok,0.21190010830587036
BASE,95332217,3,2025-04-02,2025-04-19,18,-2.2451560497283936,R01_07,结束后1-7天,recovery,2025-04-20,2025-04-26,7,7.0,0.5549632330270037,ok,ok,0.5806292085371249,8.815587850793627,0.8303922945056538,168,3.565505855147886,ok,0.025665975510121175
BASE,95332217,3,2025-04-02,2025-04-19,18,-2.2451560497283936,R08_14,结束后8-14天,recovery,2025-04-27,2025-05-03,7,14.0,0.5549632330270037,ok,ok,0.5617640449025063,8.402811648151632,0.8303666487305705,168,3.7238733289987707,ok,0.0068008118755026326
BASE,95332217,3,2025-04-02,2025-04-19,18,-2.2451560497283936,R15_30,结束后15-30天,recovery,2025-05-04,2025-05-19,16,30.0,0.5549632330270037,ok,ok,,,,0,,overlap_other_extreme_event,
BASE,95332217,4,2025-05-12,2025-07-08,58,-2.0193190574646,FullEvent,完整事件,event_reproduction,2025-05-12,2025-07-08,58,,0.40498667969936974,ok,ok,0.5730498209166532,9.790054102157846,0.8062683406228457,1392,3.899570046565925,ok,0.1680631412172835
BASE,95332217,4,2025-05-12,2025-07-08,58,-2.0193190574646,Early,事件前段,event_phase,2025-05-12,2025-05-31,20,,0.40498667969936974,ok,ok,0.5853093078564571,8.978527104743653,0.7465291934951779,480,3.4935734144705717,ok,0.18032262815708733
BASE,95332217,4,2025-05-12,2025-07-08,58,-2.0193190574646,Middle,事件中段,event_phase,2025-06-01,2025-06-19,19,,0.40498667969936974,ok,ok,0.4901023073691303,12.254642507887413,0.7089012881274923,456,2.8428113261144423,ok,0.08511562766976055
BASE,95332217,4,2025-05-12,2025-07-08,58,-2.0193190574646,Late,事件后段,event_phase,2025-06-20,2025-07-08,19,,0.40498667969936974,ok,ok,0.45860440898594185,12.949755651075144,0.8080527977141702,456,3.524214098106396,ok,0.0536177292865721
BASE,95332217,4,2025-05-12,2025-07-08,58,-2.0193190574646,R01_07,结束后1-7天,recovery,2025-07-09,2025-07-15,7,7.0,0.40498667969936974,ok,ok,0.46119611071404665,13.288720344966697,0.7827087739191009,168,2.254236947201136,ok,0.0562094310146769
BASE,95332217,4,2025-05-12,2025-07-08,58,-2.0193190574646,R08_14,结束后8-14天,recovery,2025-07-16,2025-07-22,7,14.0,0.40498667969936974,ok,ok,0.5154183909088428,12.37537693661515,0.8152891138279518,168,2.5367181591578936,ok,0.11043171120947304
BASE,95332217,4,2025-05-12,2025-07-08,58,-2.0193190574646,R15_30,结束后15-30天,recovery,2025-07-23,2025-08-07,16,30.0,0.40498667969936974,ok,ok,0.4470521938069978,13.938668071435844,0.6915147343616314,384,2.4506437342087724,ok,0.042065514107628044
BASE,95332218,4,2025-04-02,2025-04-23,22,-2.0132932662963867,FullEvent,完整事件,event_reproduction,2025-04-02,2025-04-23,22,,0.6181511943080942,ok,ok,0.801848689438064,2.3437249295864664,0.8588091528568137,528,4.702721798207631,ok,0.1836974951299698
BASE,95332218,4,2025-04-02,2025-04-23,22,-2.0132932662963867,Early,事件前段,event_phase,2025-04-02,2025-04-09,8,,0.6181511943080942,ok,ok,0.7373738821578126,2.8589262871006813,0.8542006176788617,192,4.628940552625142,ok,0.11922268784971846
BASE,95332218,4,2025-04-02,2025-04-23,22,-2.0132932662963867,Middle,事件中段,event_phase,2025-04-10,2025-04-16,7,,0.6181511943080942,ok,ok,0.8267718145023025,1.8786333839075553,0.8548633713362482,168,4.63846927122404,ok,0.20862062019420835
BASE,95332218,4,2025-04-02,2025-04-23,22,-2.0132932662963867,Late,事件后段,event_phase,2025-04-17,2025-04-23,7,,0.6181511943080942,ok,ok,0.4838243458045705,10.179788972039633,0.7070734803204124,168,2.836994133635036,ok,-0.13432684850352367
BASE,95332218,4,2025-04-02,2025-04-23,22,-2.0132932662963867,R01_07,结束后1-7天,recovery,2025-04-24,2025-04-30,7,7.0,0.6181511943080942,ok,ok,0.5138397312611033,8.233452498178124,0.7302330905942249,168,3.0663466274380013,ok,-0.1043114630469909
BASE,95332218,4,2025-04-02,2025-04-23,22,-2.0132932662963867,R08_14,结束后8-14天,recovery,2025-05-01,2025-05-07,7,14.0,0.6181511943080942,ok,ok,0.5386415828189807,8.659046316537362,0.8518426871829865,168,3.346232362186231,ok,-0.07950961148911351
BASE,95332218,4,2025-04-02,2025-04-23,22,-2.0132932662963867,R15_30,结束后15-30天,recovery,2025-05-08,2025-05-23,16,30.0,0.6181511943080942,ok,ok,0.6858425552941412,5.732428528339602,0.7029046494286203,384,3.473347732944197,ok,0.067691360986047
BASE,95332219,5,2025-04-02,2025-04-23,22,-2.3179261684417725,FullEvent,完整事件,event_reproduction,2025-04-02,2025-04-23,22,,0.8597936625513316,ok,ok,0.9580270488065812,1.1051294922438508,0.8287753656934966,528,4.623184564903906,ok,0.09823338625524958
BASE,95332219,5,2025-04-02,2025-04-23,22,-2.3179261684417725,Early,事件前段,event_phase,2025-04-02,2025-04-09,8,,0.8597936625513316,ok,ok,0.9120314063490258,1.060606760283152,0.8242832439469276,192,4.361465350052751,ok,0.05223774379769419
BASE,95332219,5,2025-04-02,2025-04-23,22,-2.3179261684417725,Middle,事件中段,event_phase,2025-04-10,2025-04-16,7,,0.8597936625513316,ok,ok,0.9736594616928492,1.5014024118441718,0.8185059209396931,168,4.802829246786587,ok,0.11386579914151762
BASE,95332219,5,2025-04-02,2025-04-23,22,-2.3179261684417725,Late,事件后段,event_phase,2025-04-17,2025-04-23,7,,0.8597936625513316,ok,ok,0.8150515959284838,4.5312744105453255,0.6766196778454503,168,2.8260026839328987,ok,-0.044742066622847854
BASE,95332219,5,2025-04-02,2025-04-23,22,-2.3179261684417725,R01_07,结束后1-7天,recovery,2025-04-24,2025-04-30,7,7.0,0.8597936625513316,ok,ok,0.7287969346060251,4.696560738565257,0.7212610368966027,168,2.916798237702445,ok,-0.13099672794530648
BASE,95332219,5,2025-04-02,2025-04-23,22,-2.3179261684417725,R08_14,结束后8-14天,recovery,2025-05-01,2025-05-07,7,14.0,0.8597936625513316,ok,ok,0.8076450622309791,3.6942446384611394,0.7429888869348238,168,3.1181695678773353,ok,-0.05214860032035251
BASE,95332219,5,2025-04-02,2025-04-23,22,-2.3179261684417725,R15_30,结束后15-30天,recovery,2025-05-08,2025-05-23,16,30.0,0.8597936625513316,ok,ok,0.8397650474016899,3.6230060869264626,0.7861483471602266,384,3.3825881570316834,ok,-0.020028615149641715
BASE,95332219,7,2025-06-04,2025-07-10,37,-2.29106879234314,FullEvent,完整事件,event_reproduction,2025-06-04,2025-07-10,37,,0.5719319602927121,ok,ok,0.7150030465101354,6.829735050049969,0.81305924951331,888,3.124980499773649,ok,0.14307108621742326
BASE,95332219,7,2025-06-04,2025-07-10,37,-2.29106879234314,Early,事件前段,event_phase,2025-06-04,2025-06-16,13,,0.5719319602927121,ok,ok,0.7424281248307981,5.9654088363421245,0.7603603562435318,312,2.786812216973956,ok,0.17049616453808603
BASE,95332219,7,2025-06-04,2025-07-10,37,-2.29106879234314,Middle,事件中段,event_phase,2025-06-17,2025-06-28,12,,0.5719319602927121,ok,ok,0.7020795432580804,7.398886689955766,0.8249111612414513,288,2.861502018567875,ok,0.13014758296536832
BASE,95332219,7,2025-06-04,2025-07-10,37,-2.29106879234314,Late,事件后段,event_phase,2025-06-29,2025-07-10,12,,0.5719319602927121,ok,ok,0.714230199822799,6.805425697342262,0.8492442807167259,288,3.501586589594978,ok,0.1422982395300869
BASE,95332219,7,2025-06-04,2025-07-10,37,-2.29106879234314,R01_07,结束后1-7天,recovery,2025-07-11,2025-07-17,7,7.0,0.5719319602927121,ok,ok,0.5411803684227348,11.120598331546335,0.8407714500510852,168,2.5822028312237633,ok,-0.030751591869977335
BASE,95332219,7,2025-06-04,2025-07-10,37,-2.29106879234314,R08_14,结束后8-14天,recovery,2025-07-18,2025-07-24,7,14.0,0.5719319602927121,ok,ok,0.580559854911555,10.209301204510485,0.8052521825628773,168,2.267527914725215,ok,0.008627894618842946
BASE,95332219,7,2025-06-04,2025-07-10,37,-2.29106879234314,R15_30,结束后15-30天,recovery,2025-07-25,2025-08-09,16,30.0,0.5719319602927121,ok,ok,0.5992210717359465,9.503507703202478,0.7342219751949013,384,2.589075394860393,ok,0.027289111443234426
BASE,95332220,3,2025-02-08,2025-03-02,23,-2.037058115005493,FullEvent,完整事件,event_reproduction,2025-02-08,2025-03-02,23,,0.8694338214301319,ok,ok,0.8437714784170636,0.7643303589733819,0.9063571647901536,552,5.161636512155838,ok,-0.025662343013068356
BASE,95332220,3,2025-02-08,2025-03-02,23,-2.037058115005493,Early,事件前段,event_phase,2025-02-08,2025-02-15,8,,0.8694338214301319,ok,ok,0.8703253044468685,0.3696879086009819,0.9057500748153329,192,5.548873542064432,ok,0.0008914830167365828
BASE,95332220,3,2025-02-08,2025-03-02,23,-2.037058115005493,Middle,事件中段,event_phase,2025-02-16,2025-02-23,8,,0.8694338214301319,ok,ok,0.7772347797043021,1.4692036028804711,0.9022788688197273,192,3.367713080435032,ok,-0.09219904172582982
BASE,95332220,3,2025-02-08,2025-03-02,23,-2.037058115005493,Late,事件后段,event_phase,2025-02-24,2025-03-02,7,,0.8694338214301319,ok,ok,0.8252948373095007,1.1376214277508385,0.8575596111732928,168,4.912318731698913,ok,-0.04413898412063122
BASE,95332220,3,2025-02-08,2025-03-02,23,-2.037058115005493,R01_07,结束后1-7天,recovery,2025-03-03,2025-03-09,7,7.0,0.8694338214301319,ok,ok,0.7721374265312599,1.7585440019747196,0.8909270088870673,168,4.871590301518011,ok,-0.09729639489887199
BASE,95332220,3,2025-02-08,2025-03-02,23,-2.037058115005493,R08_14,结束后8-14天,recovery,2025-03-10,2025-03-16,7,14.0,0.8694338214301319,ok,ok,0.8920189462817802,1.3743482922452284,0.8997996187965838,168,5.334489335073922,ok,0.02258512485164832
BASE,95332220,3,2025-02-08,2025-03-02,23,-2.037058115005493,R15_30,结束后15-30天,recovery,2025-03-17,2025-04-01,16,30.0,0.8694338214301319,ok,ok,0.8688843668474924,0.639669815547677,0.9523774081490229,384,6.880496471972663,ok,-0.0005494545826395525
BASE,95332220,4,2025-04-02,2025-04-21,20,-2.0098748207092285,FullEvent,完整事件,event_reproduction,2025-04-02,2025-04-21,20,,0.7001055956637864,ok,ok,0.8644735133765484,1.1043579208144259,0.8581872749861066,480,4.575208045784468,ok,0.16436791771276205
BASE,95332220,4,2025-04-02,2025-04-21,20,-2.0098748207092285,Early,事件前段,event_phase,2025-04-02,2025-04-08,7,,0.7001055956637864,ok,ok,0.7712544231136718,1.848972907513554,0.8229412353441491,168,4.362423094425614,ok,0.07114882744988538
BASE,95332220,4,2025-04-02,2025-04-21,20,-2.0098748207092285,Middle,事件中段,event_phase,2025-04-09,2025-04-15,7,,0.7001055956637864,ok,ok,0.8911273037915382,0.8729943822518038,0.8906526811826421,168,4.618552059469961,ok,0.19102170812775177
BASE,95332220,4,2025-04-02,2025-04-21,20,-2.0098748207092285,Late,事件后段,event_phase,2025-04-16,2025-04-21,6,,0.7001055956637864,ok,ok,0.5966043843341794,7.710358246999796,0.7386427189478738,144,2.9765014675710906,ok,-0.10350121132960699
BASE,95332220,4,2025-04-02,2025-04-21,20,-2.0098748207092285,R01_07,结束后1-7天,recovery,2025-04-22,2025-04-28,7,7.0,0.7001055956637864,ok,ok,0.6573955052850863,5.571370846269026,0.7561686645807058,168,3.089402120855978,ok,-0.042710090378700105
BASE,95332220,4,2025-04-02,2025-04-21,20,-2.0098748207092285,R08_14,结束后8-14天,recovery,2025-04-29,2025-05-05,7,14.0,0.7001055956637864,ok,ok,0.6432215708905774,6.629534219078693,0.7978278336227703,168,3.1209567061113486,ok,-0.056884024773208974
BASE,95332220,4,2025-04-02,2025-04-21,20,-2.0098748207092285,R15_30,结束后15-30天,recovery,2025-05-06,2025-05-21,16,30.0,0.7001055956637864,ok,ok,0.8099804011571653,3.3440142400612665,0.8077134191967832,384,3.2819399675252185,ok,0.10987480549337891
BASE,95332221,7,2025-08-12,2025-09-09,29,-2.27681040763855,FullEvent,完整事件,event_reproduction,2025-08-12,2025-09-09,29,,0.5523579817957966,ok,ok,0.5753470684594817,9.471602629564876,0.797007810961001,696,3.1689286804269576,ok,0.022989086663685043
BASE,95332221,7,2025-08-12,2025-09-09,29,-2.27681040763855,Early,事件前段,event_phase,2025-08-12,2025-08-21,10,,0.5523579817957966,ok,ok,0.6236435927048355,8.564737894191353,0.7991471736856974,240,2.92423061452527,ok,0.07128561090903884
BASE,95332221,7,2025-08-12,2025-09-09,29,-2.27681040763855,Middle,事件中段,event_phase,2025-08-22,2025-08-31,10,,0.5523579817957966,ok,ok,0.586398787465667,8.801241636453193,0.8340408889750064,240,3.378015638545991,ok,0.03404080566987033
BASE,95332221,7,2025-08-12,2025-09-09,29,-2.27681040763855,Late,事件后段,event_phase,2025-09-01,2025-09-09,9,,0.5523579817957966,ok,ok,0.5289135670451947,10.716570756367968,0.8314737396680338,216,3.1933192984081216,ok,-0.023444414750601994
BASE,95332221,7,2025-08-12,2025-09-09,29,-2.27681040763855,R01_07,结束后1-7天,recovery,2025-09-10,2025-09-16,7,7.0,0.5523579817957966,ok,ok,0.5627035742223775,10.26358694097328,0.8196094662022327,168,3.181315048443682,ok,0.01034559242658084
BASE,95332221,7,2025-08-12,2025-09-09,29,-2.27681040763855,R08_14,结束后8-14天,recovery,2025-09-17,2025-09-23,7,14.0,0.5523579817957966,ok,ok,0.49285273945341146,12.110485889827135,0.8133970708459028,168,2.9584104989437674,ok,-0.05950524234238519
BASE,95332221,7,2025-08-12,2025-09-09,29,-2.27681040763855,R15_30,结束后15-30天,recovery,2025-09-24,2025-10-09,16,30.0,0.5523579817957966,ok,ok,0.5972489323754597,8.511202136574536,0.8222474779509252,384,3.396278465451891,ok,0.04489095057966308
BASE,95332225,7,2025-08-12,2025-09-23,43,-2.157047986984253,FullEvent,完整事件,event_reproduction,2025-08-12,2025-09-23,43,,0.9694508657350772,ok,ok,1.016864964352977,-0.22901299337921444,0.7549028089320998,1032,3.2438553809083768,ok,0.0474140986178998
BASE,95332225,7,2025-08-12,2025-09-23,43,-2.157047986984253,Early,事件前段,event_phase,2025-08-12,2025-08-26,15,,0.9694508657350772,ok,ok,1.0733992942601736,-1.7382729312376668,0.7477681354844948,360,3.2378834171118966,ok,0.10394842852509634
BASE,95332225,7,2025-08-12,2025-09-23,43,-2.157047986984253,Middle,事件中段,event_phase,2025-08-27,2025-09-09,14,,0.9694508657350772,ok,ok,1.007770155219162,-0.461705892528137,0.7721776381504118,336,3.277081520996295,ok,0.038319289484084806
BASE,95332225,7,2025-08-12,2025-09-23,43,-2.157047986984253,Late,事件后段,event_phase,2025-09-10,2025-09-23,14,,0.9694508657350772,ok,ok,1.025764358913114,0.01380664544646848,0.7827008050894149,336,3.0912904552626106,ok,0.0563134931780368
BASE,95332225,7,2025-08-12,2025-09-23,43,-2.157047986984253,R01_07,结束后1-7天,recovery,2025-09-24,2025-09-30,7,7.0,0.9694508657350772,ok,ok,0.987599334999343,0.08471683244333761,0.7633264864310886,168,3.113382266962227,ok,0.018148469264265832
BASE,95332225,7,2025-08-12,2025-09-23,43,-2.157047986984253,R08_14,结束后8-14天,recovery,2025-10-01,2025-10-07,7,14.0,0.9694508657350772,ok,ok,1.0396935116049344,-1.5869026557065276,0.7807223588274507,168,3.3326591537985673,ok,0.07024264586985718
BASE,95332225,7,2025-08-12,2025-09-23,43,-2.157047986984253,R15_30,结束后15-30天,recovery,2025-10-08,2025-10-23,16,30.0,0.9694508657350772,ok,ok,0.8784659788736691,2.8252054092380554,0.9051857092127341,384,5.8535898411595255,ok,-0.09098488686140815
BASE,95332226,5,2025-08-07,2025-09-18,43,-2.204885721206665,FullEvent,完整事件,event_reproduction,2025-08-07,2025-09-18,43,,0.43026412692191296,ok,ok,0.4348817339627502,12.69866826682354,0.6814936804534691,1032,3.257106372315691,ok,0.004617607040837246
BASE,95332226,5,2025-08-07,2025-09-18,43,-2.204885721206665,Early,事件前段,event_phase,2025-08-07,2025-08-21,15,,0.43026412692191296,ok,ok,0.43561553786802854,12.665749555291896,0.6550413537834318,360,3.1606052481570437,ok,0.005351410946115576
BASE,95332226,5,2025-08-07,2025-09-18,43,-2.204885721206665,Middle,事件中段,event_phase,2025-08-22,2025-09-04,14,,0.43026412692191296,ok,ok,0.4244546621563737,12.70754688333587,0.6907455525972335,336,3.3711177854610463,ok,-0.005809464765539285
BASE,95332226,5,2025-08-07,2025-09-18,43,-2.204885721206665,Late,事件后段,event_phase,2025-09-05,2025-09-18,14,,0.43026412692191296,ok,ok,0.4346428791912126,12.997963387892343,0.7258856830514792,336,3.207012705316552,ok,0.004378752269299624
BASE,95332226,5,2025-08-07,2025-09-18,43,-2.204885721206665,R01_07,结束后1-7天,recovery,2025-09-19,2025-09-25,7,7.0,0.43026412692191296,ok,ok,0.3592427213508958,14.891386150026355,0.618278875606373,168,2.8745534997445272,ok,-0.07102140557101716
BASE,95332226,5,2025-08-07,2025-09-18,43,-2.204885721206665,R08_14,结束后8-14天,recovery,2025-09-26,2025-10-02,7,14.0,0.43026412692191296,ok,ok,0.3515421248224287,14.868466669675213,0.6226689360773003,168,3.2063522389404913,ok,-0.07872200209948427
BASE,95332226,5,2025-08-07,2025-09-18,43,-2.204885721206665,R15_30,结束后15-30天,recovery,2025-10-03,2025-10-18,16,30.0,0.43026412692191296,ok,ok,0.49581991533175784,10.940456681960779,0.8342257791465628,384,3.9053615432577007,ok,0.06555578840984488
BASE,95332227,6,2025-08-11,2025-09-23,44,-2.481644868850708,FullEvent,完整事件,event_reproduction,2025-08-11,2025-09-23,44,,0.6607071912776324,ok,ok,0.5236894012669755,10.421214319536876,0.7013278573815738,1056,3.335793642499528,ok,-0.13701779001065695
BASE,95332227,6,2025-08-11,2025-09-23,44,-2.481644868850708,Early,事件前段,event_phase,2025-08-11,2025-08-25,15,,0.6607071912776324,ok,ok,0.5271679628364574,10.370794288922994,0.654371676148229,360,3.3037566538526186,ok,-0.13353922844117505
BASE,95332227,6,2025-08-11,2025-09-23,44,-2.481644868850708,Middle,事件中段,event_phase,2025-08-26,2025-09-09,15,,0.6607071912776324,ok,ok,0.49205576061812145,11.135552822254422,0.6668947051175855,360,3.352024079197907,ok,-0.168651430659511
BASE,95332227,6,2025-08-11,2025-09-23,44,-2.481644868850708,Late,事件后段,event_phase,2025-09-10,2025-09-23,14,,0.6607071912776324,ok,ok,0.5716634421042105,9.2686596529042,0.8058561050885023,336,3.252008400858533,ok,-0.08904374917342195
BASE,95332227,6,2025-08-11,2025-09-23,44,-2.481644868850708,R01_07,结束后1-7天,recovery,2025-09-24,2025-09-30,7,7.0,0.6607071912776324,ok,ok,0.4579032920602133,11.791452370866544,0.6773438133459245,168,3.310543084720256,ok,-0.20280389921741915
BASE,95332227,6,2025-08-11,2025-09-23,44,-2.481644868850708,R08_14,结束后8-14天,recovery,2025-10-01,2025-10-07,7,14.0,0.6607071912776324,ok,ok,0.5369943875456987,10.186778892004495,0.8547948538190703,168,3.4684630068708273,ok,-0.12371280373193372
BASE,95332227,6,2025-08-11,2025-09-23,44,-2.481644868850708,R15_30,结束后15-30天,recovery,2025-10-08,2025-10-23,16,30.0,0.6607071912776324,ok,ok,0.7335819340445718,4.241278744677988,0.9387412356432865,384,6.2151780911321595,ok,0.0728747427669394
BASE,95332228,6,2025-08-12,2025-09-12,32,-2.336613178253174,FullEvent,完整事件,event_reproduction,2025-08-12,2025-09-12,32,,0.8817003381317174,ok,ok,0.8183495111772902,4.364442325013208,0.791879963328582,768,3.4261989829716013,ok,-0.06335082695442729
BASE,95332228,6,2025-08-12,2025-09-12,32,-2.336613178253174,Early,事件前段,event_phase,2025-08-12,2025-08-22,11,,0.8817003381317174,ok,ok,0.7747183235038876,5.650608080981996,0.7416471741239917,264,3.366493923045654,ok,-0.10698201462782986
BASE,95332228,6,2025-08-12,2025-09-12,32,-2.336613178253174,Middle,事件中段,event_phase,2025-08-23,2025-09-02,11,,0.8817003381317174,ok,ok,0.8543078214318026,3.5232527156146283,0.8178697372045461,264,3.6437500133336456,ok,-0.027392516699914826
BASE,95332228,6,2025-08-12,2025-09-12,32,-2.336613178253174,Late,事件后段,event_phase,2025-09-03,2025-09-12,10,,0.8817003381317174,ok,ok,0.824613444133705,3.9386416778223676,0.8263110894009704,240,3.2486045558083454,ok,-0.05708689399801248
BASE,95332228,6,2025-08-12,2025-09-12,32,-2.336613178253174,R01_07,结束后1-7天,recovery,2025-09-13,2025-09-19,7,7.0,0.8817003381317174,ok,ok,0.8020304347645177,5.074145451472361,0.8607819672859117,168,3.7468071584129135,ok,-0.0796699033671997
BASE,95332228,6,2025-08-12,2025-09-12,32,-2.336613178253174,R08_14,结束后8-14天,recovery,2025-09-20,2025-09-26,7,14.0,0.8817003381317174,ok,ok,0.7200265447736018,6.9009214104662355,0.8214250720850919,168,2.877419889937125,ok,-0.1616737933581156
BASE,95332228,6,2025-08-12,2025-09-12,32,-2.336613178253174,R15_30,结束后15-30天,recovery,2025-09-27,2025-10-12,16,30.0,0.8817003381317174,ok,ok,0.9768738044374494,-0.405498471723476,0.8694516137617463,384,3.7096600000302,ok,0.09517346630573198
BASE,95332229,7,2025-08-12,2025-09-12,32,-2.1005795001983643,FullEvent,完整事件,event_reproduction,2025-08-12,2025-09-12,32,,0.3902269374276331,ok,ok,0.49729809530169516,11.38468595158352,0.7638709452242909,768,2.892543937585684,ok,0.10707115787406207
BASE,95332229,7,2025-08-12,2025-09-12,32,-2.1005795001983643,Early,事件前段,event_phase,2025-08-12,2025-08-22,11,,0.3902269374276331,ok,ok,0.5073070806426874,11.100863586272473,0.7301691268883896,264,2.9581962328784073,ok,0.11708014321505428
BASE,95332229,7,2025-08-12,2025-09-12,32,-2.1005795001983643,Middle,事件中段,event_phase,2025-08-23,2025-09-02,11,,0.3902269374276331,ok,ok,0.47533171649607187,11.786334968260952,0.7860964444074304,264,2.9307147579947577,ok,0.08510477906843877
BASE,95332229,7,2025-08-12,2025-09-12,32,-2.1005795001983643,Late,事件后段,event_phase,2025-09-03,2025-09-12,10,,0.3902269374276331,ok,ok,0.5154191945214969,11.128582817168386,0.8044560466227105,240,2.7543331261718067,ok,0.12519225709386378
BASE,95332229,7,2025-08-12,2025-09-12,32,-2.1005795001983643,R01_07,结束后1-7天,recovery,2025-09-13,2025-09-19,7,7.0,0.3902269374276331,ok,ok,0.4325825368427334,12.657614053016138,0.7395945053258575,168,2.975823318395643,ok,0.04235559941510031
BASE,95332229,7,2025-08-12,2025-09-12,32,-2.1005795001983643,R08_14,结束后8-14天,recovery,2025-09-20,2025-09-26,7,14.0,0.3902269374276331,ok,ok,0.3127703133176234,15.60143682482338,0.5341165440637863,168,2.491263728612532,ok,-0.0774566241100097
BASE,95332229,7,2025-08-12,2025-09-12,32,-2.1005795001983643,R15_30,结束后15-30天,recovery,2025-09-27,2025-10-12,16,30.0,0.3902269374276331,ok,ok,0.41648278683589635,12.766033220861724,0.7021643924601566,384,3.1061731105105115,ok,0.026255849408263254
BASE,95332230,6,2025-08-12,2025-09-17,37,-2.39896559715271,FullEvent,完整事件,event_reproduction,2025-08-12,2025-09-17,37,,0.7080473409246435,ok,ok,0.8232401073192134,3.15622301836747,0.8290834937225036,888,3.563969932792012,ok,0.11519276639456988
BASE,95332230,6,2025-08-12,2025-09-17,37,-2.39896559715271,Early,事件前段,event_phase,2025-08-12,2025-08-24,13,,0.7080473409246435,ok,ok,0.8169377328631,3.5397716623729103,0.7714419537649772,312,3.5540322027668414,ok,0.10889039193845651
BASE,95332230,6,2025-08-12,2025-09-17,37,-2.39896559715271,Middle,事件中段,event_phase,2025-08-25,2025-09-05,12,,0.7080473409246435,ok,ok,0.7982034649920593,3.5572818085225926,0.8644940504121584,288,3.5740041354697567,ok,0.0901561240674158
BASE,95332230,6,2025-08-12,2025-09-17,37,-2.39896559715271,Late,事件后段,event_phase,2025-09-06,2025-09-17,12,,0.7080473409246435,ok,ok,0.8580777812291124,2.249564024838577,0.8766117958079905,288,3.5701531712237724,ok,0.15003044030446888
BASE,95332230,6,2025-08-12,2025-09-17,37,-2.39896559715271,R01_07,结束后1-7天,recovery,2025-09-18,2025-09-24,7,7.0,0.7080473409246435,ok,ok,0.7233841314732704,6.413973282742212,0.8388320899744113,168,3.1709045411264123,ok,0.01533679054862691
BASE,95332230,6,2025-08-12,2025-09-17,37,-2.39896559715271,R08_14,结束后8-14天,recovery,2025-09-25,2025-10-01,7,14.0,0.7080473409246435,ok,ok,0.7723533437398115,3.2644427781355283,0.8667680862227001,168,3.5484180433985677,ok,0.06430600281516796
BASE,95332230,6,2025-08-12,2025-09-17,37,-2.39896559715271,R15_30,结束后15-30天,recovery,2025-10-02,2025-10-17,16,30.0,0.7080473409246435,ok,ok,0.7287208300409062,4.729139198884649,0.8717659743338926,384,4.22749740979468,ok,0.020673489116262656
BASE,95332231,5,2025-08-11,2025-09-18,39,-2.299917221069336,FullEvent,完整事件,event_reproduction,2025-08-11,2025-09-18,39,,0.4213781248404654,ok,ok,0.4655998969410493,12.197885583591699,0.7341990341373944,936,3.221431004501852,ok,0.04422177210058392
BASE,95332231,5,2025-08-11,2025-09-18,39,-2.299917221069336,Early,事件前段,event_phase,2025-08-11,2025-08-23,13,,0.4213781248404654,ok,ok,0.48234779829401964,12.017760733008847,0.718957397315939,312,3.1478427705567387,ok,0.06096967345355425
BASE,95332231,5,2025-08-11,2025-09-18,39,-2.299917221069336,Middle,事件中段,event_phase,2025-08-24,2025-09-05,13,,0.4213781248404654,ok,ok,0.4906230066703737,11.132684893688769,0.7908155885476488,312,3.3339297106660313,ok,0.06924488182990829
BASE,95332231,5,2025-08-11,2025-09-18,39,-2.299917221069336,Late,事件后段,event_phase,2025-09-06,2025-09-18,13,,0.4213781248404654,ok,ok,0.4255618091856136,13.391799476251904,0.7572431056474306,312,3.188709413238117,ok,0.004183684345148209
BASE,95332231,5,2025-08-11,2025-09-18,39,-2.299917221069336,R01_07,结束后1-7天,recovery,2025-09-19,2025-09-25,7,7.0,0.4213781248404654,ok,ok,0.32968857554426007,15.70312185751051,0.715813549321182,168,2.6063911383808325,ok,-0.09168954929620532
BASE,95332231,5,2025-08-11,2025-09-18,39,-2.299917221069336,R08_14,结束后8-14天,recovery,2025-09-26,2025-10-02,7,14.0,0.4213781248404654,ok,ok,0.4495592253780189,11.922880211059688,0.8269919326553411,168,3.0317602617179897,ok,0.028181100537553516
BASE,95332231,5,2025-08-11,2025-09-18,39,-2.299917221069336,R15_30,结束后15-30天,recovery,2025-10-03,2025-10-18,16,30.0,0.4213781248404654,ok,ok,0.42274098244645875,12.552521922259434,0.7809215105823629,384,3.719769136979242,ok,0.0013628576059933617
BASE,95332233,6,2025-06-21,2025-07-11,21,-2.105762243270874,FullEvent,完整事件,event_reproduction,2025-06-21,2025-07-11,21,,0.5833059414365034,ok,ok,0.5918684389899925,9.377471357070968,0.8140602530515993,504,3.409874352032464,ok,0.008562497553489146
BASE,95332233,6,2025-06-21,2025-07-11,21,-2.105762243270874,Early,事件前段,event_phase,2025-06-21,2025-06-27,7,,0.5833059414365034,ok,ok,0.6993705461319808,7.1434993522365815,0.839086736648821,168,3.001563064577267,ok,0.11606460469547741
BASE,95332233,6,2025-06-21,2025-07-11,21,-2.105762243270874,Middle,事件中段,event_phase,2025-06-28,2025-07-04,7,,0.5833059414365034,ok,ok,0.5339966276072969,10.685990833504377,0.819085560434347,168,3.766613235112066,ok,-0.04930931382920645
BASE,95332233,6,2025-06-21,2025-07-11,21,-2.105762243270874,Late,事件后段,event_phase,2025-07-05,2025-07-11,7,,0.5833059414365034,ok,ok,0.577702779421345,9.438903257999385,0.8658514523576103,168,3.397610809605276,ok,-0.005603162015158425
BASE,95332233,6,2025-06-21,2025-07-11,21,-2.105762243270874,R01_07,结束后1-7天,recovery,2025-07-12,2025-07-18,7,7.0,0.5833059414365034,ok,ok,0.6493367375141772,8.546418679979238,0.8963787380965543,168,2.453298009509623,ok,0.06603079607767381
BASE,95332233,6,2025-06-21,2025-07-11,21,-2.105762243270874,R08_14,结束后8-14天,recovery,2025-07-19,2025-07-25,7,14.0,0.5833059414365034,ok,ok,0.5837069590194868,10.30302939770849,0.7978277927084304,168,2.1281323365446014,ok,0.0004010175829833873
BASE,95332233,6,2025-06-21,2025-07-11,21,-2.105762243270874,R15_30,结束后15-30天,recovery,2025-07-26,2025-08-10,16,30.0,0.5833059414365034,ok,ok,0.499554764872841,12.254439124147181,0.6496035717863289,384,2.6311822456262104,ok,-0.08375117656366238
BASE,95332235,3,2025-02-08,2025-03-02,23,-2.107394218444824,FullEvent,完整事件,event_reproduction,2025-02-08,2025-03-02,23,,0.6355621909271961,ok,ok,0.8284572219437744,1.226698423389358,0.8822597359112005,552,5.408230606168894,ok,0.19289503101657823
BASE,95332235,3,2025-02-08,2025-03-02,23,-2.107394218444824,Early,事件前段,event_phase,2025-02-08,2025-02-15,8,,0.6355621909271961,ok,ok,0.8583748265486953,0.40056396498379776,0.8678569635164957,192,5.821189533776648,ok,0.22281263562149922
BASE,95332235,3,2025-02-08,2025-03-02,23,-2.107394218444824,Middle,事件中段,event_phase,2025-02-16,2025-02-23,8,,0.6355621909271961,ok,ok,0.766827930951136,2.2532703857698575,0.8890180580647398,192,3.2507415246087144,ok,0.13126574002393987
BASE,95332235,3,2025-02-08,2025-03-02,23,-2.107394218444824,Late,事件后段,event_phase,2025-02-24,2025-03-02,7,,0.6355621909271961,ok,ok,0.8140513488597197,1.5721698269689917,0.8524877635533902,168,5.186457996790692,ok,0.17848915793252362
BASE,95332235,3,2025-02-08,2025-03-02,23,-2.107394218444824,R01_07,结束后1-7天,recovery,2025-03-03,2025-03-09,7,7.0,0.6355621909271961,ok,ok,0.712649952916213,2.9837848332941403,0.9218685137683504,168,5.0008468883712744,ok,0.0770877619890169
BASE,95332235,3,2025-02-08,2025-03-02,23,-2.107394218444824,R08_14,结束后8-14天,recovery,2025-03-10,2025-03-16,7,14.0,0.6355621909271961,ok,ok,0.8262318638122639,2.1447549070986422,0.8711740524186663,168,5.685889295563737,ok,0.19066967288506775
BASE,95332235,3,2025-02-08,2025-03-02,23,-2.107394218444824,R15_30,结束后15-30天,recovery,2025-03-17,2025-04-01,16,30.0,0.6355621909271961,ok,ok,0.7914613580206284,0.8620147780989811,0.8666906224634644,384,7.063601451255515,ok,0.15589916709343232
BASE,95332235,4,2025-04-02,2025-04-21,20,-2.4802095890045166,FullEvent,完整事件,event_reproduction,2025-04-02,2025-04-21,20,,0.6876368847446293,ok,ok,0.9201740513931488,-0.9137911179901614,0.8332949568333625,480,4.752995764594992,ok,0.23253716664851953
BASE,95332235,4,2025-04-02,2025-04-21,20,-2.4802095890045166,Early,事件前段,event_phase,2025-04-02,2025-04-08,7,,0.6876368847446293,ok,ok,0.8315786088884072,-0.14266699505110658,0.8389380211121802,168,4.6165206212543595,ok,0.14394172414377793
BASE,95332235,4,2025-04-02,2025-04-21,20,-2.4802095890045166,Middle,事件中段,event_phase,2025-04-09,2025-04-15,7,,0.6876368847446293,ok,ok,0.9448820780516699,-1.0910701699649898,0.8112670237176891,168,4.924183074503529,ok,0.25724519330704065
BASE,95332235,4,2025-04-02,2025-04-21,20,-2.4802095890045166,Late,事件后段,event_phase,2025-04-16,2025-04-21,6,,0.6876368847446293,ok,ok,0.7470851113458661,3.7450137180128173,0.7679024266470997,144,3.1447456852324844,ok,0.05944822660123683
BASE,95332235,4,2025-04-02,2025-04-21,20,-2.4802095890045166,R01_07,结束后1-7天,recovery,2025-04-22,2025-04-28,7,7.0,0.6876368847446293,ok,ok,0.64294582791133,6.060170686436146,0.8096853614623138,168,3.0961464784326544,ok,-0.044691056833299214
BASE,95332235,4,2025-04-02,2025-04-21,20,-2.4802095890045166,R08_14,结束后8-14天,recovery,2025-04-29,2025-05-05,7,14.0,0.6876368847446293,ok,ok,0.6570601243092379,5.468845651893805,0.6715411270844113,168,3.258396270998449,ok,-0.03057676043539137
BASE,95332235,4,2025-04-02,2025-04-21,20,-2.4802095890045166,R15_30,结束后15-30天,recovery,2025-05-06,2025-05-21,16,30.0,0.6876368847446293,ok,ok,0.8353678530246605,2.2197734951935466,0.7614306182080429,384,3.4747042223370763,ok,0.1477309682800313
BASE,95332236,4,2025-04-02,2025-04-23,22,-2.785902738571167,FullEvent,完整事件,event_reproduction,2025-04-02,2025-04-23,22,,1.0987128307576457,ok,ok,0.97598150589302,-0.10853738593385387,0.7541264521473576,528,4.6801742136204485,ok,-0.12273132486462568
BASE,95332236,4,2025-04-02,2025-04-23,22,-2.785902738571167,Early,事件前段,event_phase,2025-04-02,2025-04-09,8,,1.0987128307576457,ok,ok,0.970077469879267,-0.18433570813222033,0.7224245014005957,192,4.548857401156754,ok,-0.12863536087837868
BASE,95332236,4,2025-04-02,2025-04-23,22,-2.785902738571167,Middle,事件中段,event_phase,2025-04-10,2025-04-16,7,,1.0987128307576457,ok,ok,1.0922405917252067,-1.5348636343798745,0.7795992991288495,168,4.84628218239517,ok,-0.006472239032438987
BASE,95332236,4,2025-04-02,2025-04-23,22,-2.785902738571167,Late,事件后段,event_phase,2025-04-17,2025-04-23,7,,1.0987128307576457,ok,ok,0.8778274615103979,1.6165584949671405,0.589090594779742,168,2.6930114308998503,ok,-0.22088536924724778
BASE,95332236,4,2025-04-02,2025-04-23,22,-2.785902738571167,R01_07,结束后1-7天,recovery,2025-04-24,2025-04-30,7,7.0,1.0987128307576457,ok,ok,1.0443281751274969,-2.193930833736893,0.7538631884019704,168,2.928204679759745,ok,-0.054384655630148826
BASE,95332236,4,2025-04-02,2025-04-23,22,-2.785902738571167,R08_14,结束后8-14天,recovery,2025-05-01,2025-05-07,7,14.0,1.0987128307576457,ok,ok,1.1583988291085308,-4.236525514426145,0.7313168803324333,168,3.0070133448199137,ok,0.05968599835088506
BASE,95332236,4,2025-04-02,2025-04-23,22,-2.785902738571167,R15_30,结束后15-30天,recovery,2025-05-08,2025-05-23,16,30.0,1.0987128307576457,ok,ok,1.0079675474882566,-0.460673338560909,0.773440190041307,384,3.498129502880496,ok,-0.09074528326938913
BASE,95332236,5,2025-06-19,2025-07-19,31,-2.224727153778076,FullEvent,完整事件,event_reproduction,2025-06-19,2025-07-19,31,,1.2645633931058209,ok,ok,1.3533926823339437,-9.104680951902274,0.760576070196791,744,2.883672730622036,ok,0.08882928922812283
BASE,95332236,5,2025-06-19,2025-07-19,31,-2.224727153778076,Early,事件前段,event_phase,2025-06-19,2025-06-29,11,,1.2645633931058209,ok,ok,1.3875721849336977,-9.40578685359802,0.760772600488709,264,2.6444011296167185,ok,0.12300879182787683
BASE,95332236,5,2025-06-19,2025-07-19,31,-2.224727153778076,Middle,事件中段,event_phase,2025-06-30,2025-07-09,10,,1.2645633931058209,ok,ok,1.4093209095919546,-11.165249102444136,0.7912915144479041,240,3.384613091087385,ok,0.14475751648613366
BASE,95332236,5,2025-06-19,2025-07-19,31,-2.224727153778076,Late,事件后段,event_phase,2025-07-10,2025-07-19,10,,1.2645633931058209,ok,ok,1.3372374043693287,-8.740898943994505,0.7235798877563329,240,2.2708170920019013,ok,0.07267401126350781
BASE,95332236,5,2025-06-19,2025-07-19,31,-2.224727153778076,R01_07,结束后1-7天,recovery,2025-07-20,2025-07-26,7,7.0,1.2645633931058209,ok,ok,1.2828481408005463,-7.302378007090301,0.7633644225678597,168,2.485659687644579,ok,0.018284747694725434
BASE,95332236,5,2025-06-19,2025-07-19,31,-2.224727153778076,R08_14,结束后8-14天,recovery,2025-07-27,2025-08-02,7,14.0,1.2645633931058209,ok,ok,0.9122943090159201,1.1402125979664461,0.48522847340112246,168,2.0289216568210566,ok,-0.35226908408990076
BASE,95332236,5,2025-06-19,2025-07-19,31,-2.224727153778076,R15_30,结束后15-30天,recovery,2025-08-03,2025-08-18,16,30.0,1.2645633931058209,ok,ok,1.2784641941068167,-7.15869772840902,0.7877621625904746,384,2.7641759014045526,ok,0.013900801000995777
BASE,95332238,5,2025-06-21,2025-07-11,21,-2.096324920654297,FullEvent,完整事件,event_reproduction,2025-06-21,2025-07-11,21,,0.7267084365032388,ok,ok,0.6888805946080824,6.843773552886315,0.8360486861743675,504,3.5254774191625695,ok,-0.03782784189515642
BASE,95332238,5,2025-06-21,2025-07-11,21,-2.096324920654297,Early,事件前段,event_phase,2025-06-21,2025-06-27,7,,0.7267084365032388,ok,ok,0.7703663131436708,5.0140685864265535,0.8189306707331081,168,3.0969352188923,ok,0.04365787664043197
BASE,95332238,5,2025-06-21,2025-07-11,21,-2.096324920654297,Middle,事件中段,event_phase,2025-06-28,2025-07-04,7,,0.7267084365032388,ok,ok,0.6594707877656624,7.686585999418799,0.8741950036252065,168,3.832981168769851,ok,-0.06723764873757643
BASE,95332238,5,2025-06-21,2025-07-11,21,-2.096324920654297,Late,事件后段,event_phase,2025-07-05,2025-07-11,7,,0.7267084365032388,ok,ok,0.6496037570737156,7.519907475385363,0.8325583593078525,168,3.5549666568900857,ok,-0.07710467942952315
BASE,95332238,5,2025-06-21,2025-07-11,21,-2.096324920654297,R01_07,结束后1-7天,recovery,2025-07-12,2025-07-18,7,7.0,0.7267084365032388,ok,ok,0.7413527240978963,6.171536544698064,0.8536916046226342,168,2.5223821676699343,ok,0.014644287594657523
BASE,95332238,5,2025-06-21,2025-07-11,21,-2.096324920654297,R08_14,结束后8-14天,recovery,2025-07-19,2025-07-25,7,14.0,0.7267084365032388,ok,ok,0.6970634707369576,7.111358013497409,0.8373462876784645,168,2.3170836732370117,ok,-0.029644965766281173
BASE,95332238,5,2025-06-21,2025-07-11,21,-2.096324920654297,R15_30,结束后15-30天,recovery,2025-07-26,2025-08-10,16,30.0,0.7267084365032388,ok,ok,0.5454273094768487,10.823167426785293,0.6415135087645482,384,2.695148594350944,ok,-0.1812811270263901
BASE,95332239,6,2025-06-21,2025-07-11,21,-2.132532119750977,FullEvent,完整事件,event_reproduction,2025-06-21,2025-07-11,21,,0.5144665145211664,ok,ok,0.498954296994656,11.452134069679685,0.7558339935100749,504,3.465326627274915,ok,-0.015512217526510441
BASE,95332239,6,2025-06-21,2025-07-11,21,-2.132532119750977,Early,事件前段,event_phase,2025-06-21,2025-06-27,7,,0.5144665145211664,ok,ok,0.5476376152275735,10.512691560127688,0.7618482903426901,168,3.053382058503036,ok,0.03317110070640705
BASE,95332239,6,2025-06-21,2025-07-11,21,-2.132532119750977,Middle,事件中段,event_phase,2025-06-28,2025-07-04,7,,0.5144665145211664,ok,ok,0.44428913769256634,12.796194164128902,0.7444589105935564,168,3.7509149101061694,ok,-0.07017737682860009
BASE,95332239,6,2025-06-21,2025-07-11,21,-2.132532119750977,Late,事件后段,event_phase,2025-07-05,2025-07-11,7,,0.5144665145211664,ok,ok,0.518789761343927,10.696101070893635,0.8069049393674894,168,3.5506521665135535,ok,0.004323246822760529
BASE,95332239,6,2025-06-21,2025-07-11,21,-2.132532119750977,R01_07,结束后1-7天,recovery,2025-07-12,2025-07-18,7,7.0,0.5144665145211664,ok,ok,0.538591668355733,10.869099742961048,0.8319144773708195,168,2.5454998247852076,ok,0.024125153834566593
BASE,95332239,6,2025-06-21,2025-07-11,21,-2.132532119750977,R08_14,结束后8-14天,recovery,2025-07-19,2025-07-25,7,14.0,0.5144665145211664,ok,ok,0.5295998152719325,10.940019962654135,0.7875035888213027,168,2.1066100354185986,ok,0.015133300750766021
BASE,95332239,6,2025-06-21,2025-07-11,21,-2.132532119750977,R15_30,结束后15-30天,recovery,2025-07-26,2025-08-10,16,30.0,0.5144665145211664,ok,ok,0.4411045065167933,13.300206428064799,0.6660696455428303,384,2.767128585290928,ok,-0.07336200800437315
BASE,95332242,6,2025-08-15,2025-09-12,29,-2.2075388431549072,FullEvent,完整事件,event_reproduction,2025-08-15,2025-09-12,29,,0.4968443641346614,ok,ok,0.5990928563127781,8.304499597705796,0.8165311510141512,696,3.2799547319008493,ok,0.10224849217811671
BASE,95332242,6,2025-08-15,2025-09-12,29,-2.2075388431549072,Early,事件前段,event_phase,2025-08-15,2025-08-24,10,,0.4968443641346614,ok,ok,0.644470571375528,6.763944458418706,0.8560272514779969,240,3.3059079895188033,ok,0.1476262072408666
BASE,95332242,6,2025-08-15,2025-09-12,29,-2.2075388431549072,Middle,事件中段,event_phase,2025-08-25,2025-09-03,10,,0.4968443641346614,ok,ok,0.5512204093842227,9.658452671946476,0.7844519058115296,240,3.3438891403560325,ok,0.0543760452495613
BASE,95332242,6,2025-08-15,2025-09-12,29,-2.2075388431549072,Late,事件后段,event_phase,2025-09-04,2025-09-12,9,,0.4968443641346614,ok,ok,0.6130777061855468,8.201764512120231,0.8541919322801895,216,3.1838534881302145,ok,0.11623334205088542
BASE,95332242,6,2025-08-15,2025-09-12,29,-2.2075388431549072,R01_07,结束后1-7天,recovery,2025-09-13,2025-09-19,7,7.0,0.4968443641346614,ok,ok,0.5728149474203379,8.861006674175549,0.8610076505153843,168,3.280284399368615,ok,0.07597058328567652
BASE,95332242,6,2025-08-15,2025-09-12,29,-2.2075388431549072,R08_14,结束后8-14天,recovery,2025-09-20,2025-09-26,7,14.0,0.4968443641346614,ok,ok,0.4326023218418879,12.502513043683548,0.629761069557994,168,2.6880315590654043,ok,-0.06424204229277347
BASE,95332242,6,2025-08-15,2025-09-12,29,-2.2075388431549072,R15_30,结束后15-30天,recovery,2025-09-27,2025-10-12,16,30.0,0.4968443641346614,ok,ok,0.5734707402936284,8.224055743011514,0.8349620973927121,384,3.5178694623036035,ok,0.07662637615896706
BASE,95332243,6,2025-08-12,2025-09-12,32,-2.106205463409424,FullEvent,完整事件,event_reproduction,2025-08-12,2025-09-12,32,,0.4698824201292111,ok,ok,0.5389901682735735,10.180992921461304,0.7610075017159188,768,3.2369210647118765,ok,0.06910774814436238
BASE,95332243,6,2025-08-12,2025-09-12,32,-2.106205463409424,Early,事件前段,event_phase,2025-08-12,2025-08-22,11,,0.4698824201292111,ok,ok,0.5641148503813266,9.55883236140404,0.7313734639367989,264,3.2508349827878678,ok,0.09423243025211547
BASE,95332243,6,2025-08-12,2025-09-12,32,-2.106205463409424,Middle,事件中段,event_phase,2025-08-23,2025-09-02,11,,0.4698824201292111,ok,ok,0.5324498501258715,10.24573200053485,0.7964190429074212,264,3.3430499949356007,ok,0.06256742999666043
BASE,95332243,6,2025-08-12,2025-09-12,32,-2.106205463409424,Late,事件后段,event_phase,2025-09-03,2025-09-12,10,,0.4698824201292111,ok,ok,0.5148882999881267,10.888379966580622,0.766124964717511,240,3.1082174096482817,ok,0.045005879858915576
BASE,95332243,6,2025-08-12,2025-09-12,32,-2.106205463409424,R01_07,结束后1-7天,recovery,2025-09-13,2025-09-19,7,7.0,0.4698824201292111,ok,ok,0.4649377072871776,11.680516827890491,0.8072055394102917,168,3.3175674895476854,ok,-0.004944712842033516
BASE,95332243,6,2025-08-12,2025-09-12,32,-2.106205463409424,R08_14,结束后8-14天,recovery,2025-09-20,2025-09-26,7,14.0,0.4698824201292111,ok,ok,0.40153442786478644,13.854713629354928,0.5147964501805118,168,2.8860662017570022,ok,-0.06834799226442467
BASE,95332243,6,2025-08-12,2025-09-12,32,-2.106205463409424,R15_30,结束后15-30天,recovery,2025-09-27,2025-10-12,16,30.0,0.4698824201292111,ok,ok,0.5698961961549014,8.305259154969585,0.8197625116278495,384,3.445282494926625,ok,0.10001377602569028
BASE,95332244,2,2025-02-08,2025-03-02,23,-2.0202953815460205,FullEvent,完整事件,event_reproduction,2025-02-08,2025-03-02,23,,0.6291750055900261,ok,ok,0.7345576466865628,1.4642558819569107,0.8913277255963991,552,5.409595299478548,ok,0.10538264109653661
BASE,95332244,2,2025-02-08,2025-03-02,23,-2.0202953815460205,Early,事件前段,event_phase,2025-02-08,2025-02-15,8,,0.6291750055900261,ok,ok,0.7723518420008809,0.5754452907787133,0.8877363820772262,192,5.8345930026372,ok,0.14317683641085477
BASE,95332244,2,2025-02-08,2025-03-02,23,-2.0202953815460205,Middle,事件中段,event_phase,2025-02-16,2025-02-23,8,,0.6291750055900261,ok,ok,0.6411539763270572,2.678751430801591,0.8558738266353411,192,2.841425481336583,ok,0.011978970737031025
BASE,95332244,2,2025-02-08,2025-03-02,23,-2.0202953815460205,Late,事件后段,event_phase,2025-02-24,2025-03-02,7,,0.6291750055900261,ok,ok,0.7022124560158094,2.1579910881260282,0.8562670386940558,168,5.19173817690439,ok,0.07303745042578325
BASE,95332244,2,2025-02-08,2025-03-02,23,-2.0202953815460205,R01_07,结束后1-7天,recovery,2025-03-03,2025-03-09,7,7.0,0.6291750055900261,ok,ok,0.6515994001318309,2.80129909532251,0.936292625832025,168,4.948500927970902,ok,0.022424394541804782
BASE,95332244,2,2025-02-08,2025-03-02,23,-2.0202953815460205,R08_14,结束后8-14天,recovery,2025-03-10,2025-03-16,7,14.0,0.6291750055900261,ok,ok,0.7374296147433317,2.3334761184788704,0.8859998434445541,168,5.676689629950325,ok,0.10825460915330554
BASE,95332244,2,2025-02-08,2025-03-02,23,-2.0202953815460205,R15_30,结束后15-30天,recovery,2025-03-17,2025-04-01,16,30.0,0.6291750055900261,ok,ok,0.759649267824448,1.0518795113028254,0.7898130804954221,384,7.141373473701991,ok,0.13047426223442182
BASE,95332244,3,2025-04-02,2025-04-18,17,-2.5941708087921143,FullEvent,完整事件,event_reproduction,2025-04-02,2025-04-18,17,,0.5869984416818936,ok,ok,0.8649037612512016,-0.66428986928657,0.768089469510271,408,4.74000838343276,ok,0.277905319569308
BASE,95332244,3,2025-04-02,2025-04-18,17,-2.5941708087921143,Early,事件前段,event_phase,2025-04-02,2025-04-07,6,,0.5869984416818936,ok,ok,0.8597377024589696,-0.7705075726570332,0.7178707323522815,144,4.3510221668493125,ok,0.272739260777076
BASE,95332244,3,2025-04-02,2025-04-18,17,-2.5941708087921143,Middle,事件中段,event_phase,2025-04-08,2025-04-13,6,,0.5869984416818936,ok,ok,0.8221937494902081,0.5321730688812298,0.8106044494496907,144,4.940293916555482,ok,0.23519530780831444
BASE,95332244,3,2025-04-02,2025-04-18,17,-2.5941708087921143,Late,事件后段,event_phase,2025-04-14,2025-04-18,5,,0.5869984416818936,ok,ok,0.9481124637696193,-2.65035977057741,0.7312632371172513,120,4.145651484329754,ok,0.3611140220877257
BASE,95332244,3,2025-04-02,2025-04-18,17,-2.5941708087921143,R01_07,结束后1-7天,recovery,2025-04-19,2025-04-25,7,7.0,0.5869984416818936,ok,ok,0.5992431007486893,6.158023054501644,0.8453596896213742,168,3.3269958108835054,ok,0.012244659066795616
BASE,95332244,3,2025-04-02,2025-04-18,17,-2.5941708087921143,R08_14,结束后8-14天,recovery,2025-04-26,2025-05-02,7,14.0,0.5869984416818936,ok,ok,0.5545656253332591,6.62105282859862,0.6909565848648821,168,3.577583325597536,ok,-0.032432816348634486
BASE,95332244,3,2025-04-02,2025-04-18,17,-2.5941708087921143,R15_30,结束后15-30天,recovery,2025-05-03,2025-05-18,16,30.0,0.5869984416818936,ok,ok,0.7539835901552332,2.7155513553905024,0.740523941287595,384,3.4496186379741944,ok,0.16698514847333956
BASE,95332244,5,2025-06-20,2025-07-21,32,-2.0799567699432373,FullEvent,完整事件,event_reproduction,2025-06-20,2025-07-21,32,,0.45205902297848927,ok,ok,0.45504859219419685,10.907746927904087,0.6840772519760062,768,2.9404427525623245,ok,0.002989569215707588
BASE,95332244,5,2025-06-20,2025-07-21,32,-2.0799567699432373,Early,事件前段,event_phase,2025-06-20,2025-06-30,11,,0.45205902297848927,ok,ok,0.4950383958136165,9.523423684490766,0.8232134463570638,264,2.774460075819046,ok,0.04297937283512726
BASE,95332244,5,2025-06-20,2025-07-21,32,-2.0799567699432373,Middle,事件中段,event_phase,2025-07-01,2025-07-11,11,,0.45205902297848927,ok,ok,0.44652342515206406,10.780466054226341,0.7441661600767335,264,3.4559078599140807,ok,-0.005535597826425209
BASE,95332244,5,2025-06-20,2025-07-21,32,-2.0799567699432373,Late,事件后段,event_phase,2025-07-12,2025-07-21,10,,0.45205902297848927,ok,ok,0.5275828928143245,9.759851595953236,0.7670531469939434,240,2.2469378522478136,ok,0.0755238698358352
BASE,95332244,5,2025-06-20,2025-07-21,32,-2.0799567699432373,R01_07,结束后1-7天,recovery,2025-07-22,2025-07-28,7,7.0,0.45205902297848927,ok,ok,0.4422163394455617,11.837369616798723,0.6617697305299448,168,2.4566820985026827,ok,-0.009842683532927554
BASE,95332244,5,2025-06-20,2025-07-21,32,-2.0799567699432373,R08_14,结束后8-14天,recovery,2025-07-29,2025-08-04,7,14.0,0.45205902297848927,ok,ok,0.4505490216610418,11.793951758967351,0.6560431847820022,168,2.2469818565780413,ok,-0.0015100013174474403
BASE,95332244,5,2025-06-20,2025-07-21,32,-2.0799567699432373,R15_30,结束后15-30天,recovery,2025-08-05,2025-08-20,16,30.0,0.45205902297848927,ok,ok,0.45887945195449786,10.930094467788788,0.6881622450508538,384,2.827240390534665,ok,0.006820428976008597
